"ID","NAME","DEVELOPERNAME","NAMESPACEPREFIX","DESCRIPTION","BUSINESSPROCESSID","SOBJECTTYPE","ISACTIVE","ISPERSONTYPE","CREATEDBYID","CREATEDDATE","LASTMODIFIEDBYID","LASTMODIFIEDDATE","SYSTEMMODSTAMP"
"012U0000000IqbaIAC","Call Report_vod","CallReport_vod","","","","Call2_Discussion_vod__c","true","false","005U0000000XLdfIAG","2011-09-09T21:10:50.000Z","005U0000000nwrsIAA","2012-05-08T09:16:23.000Z","2012-05-08T09:16:23.000Z"
"012U0000000IqbbIAC","Meeting Brief_vod","MeetingBrief_vod","","Meeting Brief","","Call2_Discussion_vod__c","true","false","005U0000000XLdfIAG","2011-09-09T21:10:50.000Z","005U0000000nwrsIAA","2012-05-08T10:45:55.000Z","2012-05-08T10:45:55.000Z"
"012U0000000IqbcIAC","MSL Meeting Brief_vod","MSLMeetingBrief_vod","","","","Call2_Discussion_vod__c","true","false","005U0000000XLdfIAG","2011-09-09T21:10:50.000Z","005U0000000nwrsIAA","2012-05-08T10:33:54.000Z","2012-05-08T10:33:54.000Z"
"012U0000000IqbdIAC","z_Institution_vod","Institution_vod","","z_Not used in Current Meck Designs_Medical Institution","","Account","false","false","005U0000000XLdfIAG","2011-09-09T21:10:50.000Z","005U0000000nwrsIAA","2014-08-16T01:09:35.000Z","2014-08-16T01:09:35.000Z"
"012U0000000IqbeIAC","Organization_vod","Organization_vod","","Other Medical Organizations","","Account","true","false","005U0000000XLdfIAG","2011-09-09T21:10:50.000Z","005U0000000nwrsIAA","2014-08-16T01:09:54.000Z","2014-08-16T01:09:54.000Z"
"012U0000000IqbfIAC","z_Publication_vod","Publication_vod","","z_Not used in current Merck Designs_Publication","","Account","false","false","005U0000000XLdfIAG","2011-09-09T21:10:50.000Z","005U0000000nwrsIAA","2014-08-16T01:10:08.000Z","2014-08-16T01:10:08.000Z"
"012U0000000IqbgIAC","z_KOL_vod","KOL_vod","","z_Not used in Cureent Merck Designs_Key Opinion Leader","","Account","false","true","005U0000000XLdfIAG","2011-09-09T21:10:50.000Z","005U0000000nwrsIAA","2014-08-16T01:10:42.000Z","2014-08-16T01:10:42.000Z"
"012U0000000IqbhIAC","KOL","KOL","","","","Assessment__c","true","false","005U0000000XLdfIAG","2011-09-09T21:10:50.000Z","005U0000000XLdkIAG","2011-11-23T02:07:58.000Z","2011-11-23T02:07:59.000Z"
"012U0000000IqbjIAC","z_User Managed","RepMaintained","","z_not in use until 5.0 release - address entered and maintained by user until integration process completes and takes over.","","Address_vod__c","true","false","005U0000000XLdfIAG","2011-09-09T21:10:50.000Z","005U0000000nwrsIAA","2013-12-07T02:07:08.000Z","2013-12-07T02:07:08.000Z"
"012U0000000IqbkIAC","z_Extended Care_vod","ExtendedCare_vod","","z_Not used in current Merck Designs_Includes all Rehab, LTC, Nursing Home Facilities","","Account","false","false","005U0000000XLdnIAG","2011-09-09T21:10:50.000Z","005U0000000nwrsIAA","2014-08-16T01:09:16.000Z","2014-08-16T01:09:16.000Z"
"012U0000000IqblIAC","MCO_vod","MCO_vod","","Managed Care Organization","","Account","true","false","005U0000000XLdfIAG","2011-09-09T21:10:50.000Z","005U0000000nwrsIAA","2014-08-16T01:09:47.000Z","2014-08-16T01:09:47.000Z"
"012U0000000IqbmIAC","z_Person Account","PersonAccount","","z_not in use in current Merck designs","","Account","false","true","005U0000000XLdfIAG","2011-09-09T21:10:50.000Z","005U0000000nwrsIAA","2014-08-16T01:10:50.000Z","2014-08-16T01:10:50.000Z"
"012U0000000IqbnIAC","z_MCO Plan_vod","MCOPlan_vod","","z_Not Used in Merck Current Designs_Managed Care Plan","","Account","false","false","005U0000000XLdnIAG","2011-09-09T21:10:50.000Z","005U0000000nwrsIAA","2014-08-16T01:09:43.000Z","2014-08-16T01:09:43.000Z"
"012U0000000IqboIAC","Pharmacy_vod","Pharmacy_vod","","Pharmacy Profiles","","Account","true","false","005U0000000XLdnIAG","2011-09-09T21:10:50.000Z","005U0000000nwrsIAA","2014-08-16T01:10:00.000Z","2014-08-16T01:10:00.000Z"
"012U0000000IqbpIAC","Hospital_vod","Hospital_vod","","Hospital Profiles","","Account","true","false","005U0000000XLdfIAG","2011-09-09T21:10:50.000Z","005U0000000nwrsIAA","2014-08-16T01:09:31.000Z","2014-08-16T01:09:31.000Z"
"012U0000000IqbqIAC","z_Hospital Department_vod","HospitalDepartment_vod","","z_Not used in Cureent Merck Designs_Hospital Department","","Account","false","false","005U0000000XLdfIAG","2011-09-09T21:10:50.000Z","005U0000000nwrsIAA","2014-08-16T01:09:24.000Z","2014-08-16T01:09:24.000Z"
"012U0000000IqbrIAC","z_Practice_vod","Practice_vod","","z_Not used in Current Merck Designs_Practice","","Account","false","false","005U0000000XLdfIAG","2011-09-09T21:10:50.000Z","005U0000000nwrsIAA","2014-08-16T01:10:04.000Z","2014-08-16T01:10:04.000Z"
"012U0000000IqbsIAC","z_Board_vod","Board_vod","","z_Not used in Current Merck Designs_Board Memberships","","Account","false","false","005U0000000XLdnIAG","2011-09-09T21:10:50.000Z","005U0000000nwrsIAA","2014-08-16T01:08:59.000Z","2014-08-16T01:08:59.000Z"
"012U0000000IqbtIAC","z_Employer_vod","Employer_vod","","z_Not used in current Merck Designs_Employer Accounts","","Account","false","false","005U0000000XLdnIAG","2011-09-09T21:10:50.000Z","005U0000000nwrsIAA","2014-08-16T01:09:12.000Z","2014-08-16T01:09:12.000Z"
"012U0000000IqbuIAC","z_Professional_vod","Professional_vod","","z_not in use in current Merck designs_Medical Professional","","Account","false","true","005U0000000XLdfIAG","2011-09-09T21:10:50.000Z","005U0000000nwrsIAA","2014-08-16T01:10:54.000Z","2014-08-16T01:10:54.000Z"
"012U0000000IqbvIAC","z_Laboratory_vod","Laboratory_vod","","z_Not used in Current Merck Designs_Testing and Laboratory Service Providers","","Account","false","false","005U0000000XLdnIAG","2011-09-09T21:10:50.000Z","005U0000000nwrsIAA","2014-08-16T01:09:39.000Z","2014-08-16T01:09:39.000Z"
"012U0000000IqbwIAC","Transfer_vod","Transfer_vod","","The Transfer Record Type provides the ability to transfer Samples to another user.","","Sample_Transaction_vod__c","true","false","005U0000000XLdfIAG","2011-09-09T21:10:50.000Z","005U0000000nwrsIAA","2013-03-02T02:07:34.000Z","2013-03-02T02:07:34.000Z"
"012U0000000IqbxIAC","Disbursement_vod","Disbursement_vod","","The Disbursement Record Type provides a read-only view of a Sample Disbursement to an Account","","Sample_Transaction_vod__c","true","false","005U0000000XLdfIAG","2011-09-09T21:10:50.000Z","005U0000000nwrsIAA","2013-03-02T02:07:34.000Z","2013-03-02T02:07:34.000Z"
"012U0000000IqbyIAC","Receipt_vod","Receipt_vod","","The Receipt Record Type provides the ability to receive Samples either from another user or from a fullfillment center.","","Sample_Transaction_vod__c","true","false","005U0000000XLdfIAG","2011-09-09T21:10:50.000Z","005U0000000nwrsIAA","2013-03-02T02:07:34.000Z","2013-03-02T02:07:34.000Z"
"012U0000000IqbzIAC","Adjustment_vod","Adjustment_vod","","The Adjustment Record Type provides the ability to report destroyed, stolen, or expired Sample Transactions","","Sample_Transaction_vod__c","true","false","005U0000000XLdfIAG","2011-09-09T21:10:50.000Z","005U0000000nwrsIAA","2013-03-02T02:07:33.000Z","2013-03-02T02:07:33.000Z"
"012U0000000Iqc0IAC","Return_vod","Return_vod","","The Return Record Type provides the ability to report returned Sample Transactions","","Sample_Transaction_vod__c","true","false","005U0000000XLdfIAG","2011-09-09T21:10:50.000Z","005U0000000nwrsIAA","2013-03-02T02:07:34.000Z","2013-03-02T02:07:34.000Z"
"012U0000000Iqc1IAC","Company Maintained","CompanyMaintained","","Addresses managed centrally by the Merck Customer Master Integration and displayed to Users","","Address_vod__c","true","false","005U0000000XLdfIAG","2011-09-09T21:10:50.000Z","005U0000000nwrsIAA","2013-12-07T02:05:58.000Z","2013-12-07T02:05:58.000Z"
"012U0000000Iqc2IAC","Call Report_vod","CallReport_vod","","Primary Form For Merck Call Activity Entry","","Call2_vod__c","true","false","005U0000000XLdqIAG","2011-09-09T21:10:50.000Z","005U0000000nwrsIAA","2013-12-07T03:46:15.000Z","2013-12-07T03:46:15.000Z"
"012U0000000Iqc3IAC","z_MSL Meeting Brief_vod","MSLMeetingBrief_vod","","z_not in current use by MRK - MSLMeetingBrief","","Call2_vod__c","false","false","005U0000000XLdnIAG","2011-09-09T21:10:50.000Z","005U0000000nwrsIAA","2013-12-07T03:46:15.000Z","2013-12-07T03:46:15.000Z"
"012U0000000Iqc4IAC","z_Meeting Brief_vod","MeetingBrief_vod","","z_not in current use by MRK - Meeting Brief","","Call2_vod__c","false","false","005U0000000XLdqIAG","2011-09-09T21:10:50.000Z","005U0000000nwrsIAA","2013-12-07T03:46:15.000Z","2013-12-07T03:46:15.000Z"
"012U0000000Iqc5IAC","Call_vod","Call_vod","","","","Event","true","false","005U0000000XLduIAG","2011-09-09T21:10:50.000Z","005U0000000XLdfIAG","2011-09-09T21:10:50.000Z","2011-09-09T21:10:50.000Z"
"012U0000000Iqc6IAC","z_Event_vod","Event_vod","","z_not in current use by MRK - Record type to support Event-based Call Reports","","Call2_vod__c","false","false","005U0000000XLdfIAG","2011-09-09T21:10:50.000Z","005U0000000nwrsIAA","2013-12-07T03:46:15.000Z","2013-12-07T03:46:15.000Z"
"012U0000000Iqc7IAC","Event_vod","Event_vod","","Record Type for Call Discussion Event Layouts","","Call2_Discussion_vod__c","true","false","005U0000000XLdfIAG","2011-09-09T21:10:50.000Z","005U0000000nwrsIAA","2012-05-08T09:18:40.000Z","2012-05-08T09:18:40.000Z"
"012U0000000Iqc8IAC","Physician Information Request","Medical_Inquiry","","","","Medical_Inquiry_vod__c","true","false","005U0000000XLdfIAG","2011-09-09T21:10:50.000Z","005U0000000pD4vIAE","2014-08-28T17:07:35.000Z","2014-08-28T17:07:35.000Z"
"012U0000000Iqc9IAC","TABLET","TABLET","","","","VMobile_Object_Configuration_vod__c","true","false","005U0000000XLdfIAG","2011-09-09T21:10:50.000Z","005U0000000XLdfIAG","2011-09-09T21:10:50.000Z","2011-09-09T21:10:50.000Z"
"012U0000000IqcAIAS","BRC","BRC","","","","Sample_Order_Transaction_vod__c","true","false","005U0000000XLdfIAG","2011-09-09T21:10:50.000Z","005U0000000pD4vIAE","2013-09-12T19:07:41.000Z","2013-09-12T19:07:41.000Z"
"012U0000000IqcBIAS","z_Wholesaler_vod","Wholesaler_vod","","z_Not used in Current Merck Designs_Represents accounts that are wholesalers of products that can be ordered via Transfer orders","","Account","false","false","005U0000000XLdfIAG","2011-09-09T21:10:50.000Z","005U0000000nwrsIAA","2014-08-16T01:10:12.000Z","2014-08-16T01:10:12.000Z"
"012U0000000IqcCIAS","Direct_vod","Direct_vod","","for orders shipped directly to the customer","","Order_vod__c","true","false","005U0000000XLdfIAG","2011-09-09T21:10:50.000Z","005U0000000XLdfIAG","2011-09-09T21:10:50.000Z","2011-09-09T21:10:50.000Z"
"012U0000000IqcDIAS","Transfer_vod","Transfer_vod","","for orders made through a wholesaler","","Order_vod__c","true","false","005U0000000XLdfIAG","2011-09-09T21:10:50.000Z","005U0000000XLdfIAG","2011-09-09T21:10:50.000Z","2011-09-09T21:10:50.000Z"
"012U0000000IqcEIAS","z_Government_Agency_vod","Government_Agency_vod","","z_Not used in Merck Current designs_Government Agency","","Account","false","false","005U0000000XLdfIAG","2011-09-09T21:10:50.000Z","005U0000000nwrsIAA","2014-08-16T01:09:20.000Z","2014-08-16T01:09:20.000Z"
"012U0000000IqcFIAS","Brand_Level_Rule_vod","Brand_Level_Rule_vod","","This pricing rule is for defining value-based rebates on a brand level. A brand is represented by the Detail product the order products are associated with. Brand Level rules can utilize scales (quantity, value)","","Pricing_Rule_vod__c","true","false","005U0000000XLdfIAG","2011-09-09T21:10:50.000Z","005U0000000XLdfIAG","2011-09-09T21:10:50.000Z","2011-09-09T21:10:50.000Z"
"012U0000000IqcGIAS","Discount_Rule_vod","Discount_Rule_vod","","This pricing rule is for defining value-based rebates, also known as discounts. Those can be direct net prices or percentage-based discounts. Discount rules can utilize scales (quantity, value) as well as user overrides.","","Pricing_Rule_vod__c","true","false","005U0000000XLdfIAG","2011-09-09T21:10:50.000Z","005U0000000XLdfIAG","2011-09-09T21:10:50.000Z","2011-09-09T21:10:50.000Z"
"012U0000000IqcHIAS","Limit_Rule_vod","Limit_Rule_vod","","This pricing rule type is for defining various limits on order quantity or values. Limits can be defined as hard stops or warnings only.","","Pricing_Rule_vod__c","true","false","005U0000000XLdfIAG","2011-09-09T21:10:50.000Z","005U0000000XLdfIAG","2011-09-09T21:10:50.000Z","2011-09-09T21:10:50.000Z"
"012U0000000IqcIIAS","Free_Goods_Rule_vod","Free_Goods_Rule_vod","","This pricing rule is for defining free goods-based rebates, also known as natural rebates. Free goods rules can utilize scales (quantity, value) as well as user overrides.","","Pricing_Rule_vod__c","true","false","005U0000000XLdfIAG","2011-09-09T21:10:50.000Z","005U0000000XLdfIAG","2011-09-09T21:10:50.000Z","2011-09-09T21:10:50.000Z"
"012U0000000IqcJIAS","List_Price_Rule_vod","List_Price_Rule_vod","","This pricing rule type is for defining the list price of an order product (SKU). A valid list price rule needs to exist for a product to appear during order entry.","","Pricing_Rule_vod__c","true","false","005U0000000XLdfIAG","2011-09-09T21:10:50.000Z","005U0000000XLdfIAG","2011-09-09T21:10:50.000Z","2011-09-09T21:10:50.000Z"
"012U0000000IqcKIAS","Product_Group_Level_Rule_vod","Product_Group_Level_Rule_vod","","This pricing rule is for defining value-based rebates on a product group level. A product group is defined through the product catalog entry of the same name and the underlying order products. Product Group rules can utilize scales (quantity, value).","","Pricing_Rule_vod__c","true","false","005U0000000XLdfIAG","2011-09-09T21:10:50.000Z","005U0000000XLdfIAG","2011-09-09T21:10:50.000Z","2011-09-09T21:10:50.000Z"
"012U0000000IqcMIAS","Territory_Sales_Analysis_vod","Territory_Sales_Analysis_vod","","Record Type that corresponds to the Territory Sales Analysis Page","","Analytics_Layouts_vod__c","true","false","005U0000000XLdfIAG","2011-09-09T21:10:50.000Z","005U0000000XLdfIAG","2011-09-09T21:10:50.000Z","2011-09-09T21:10:50.000Z"
"012U0000000IqcNIAS","Average_Calls_Per_Day_vod","Average_Calls_Per_Day_vod","","Record Type that corresponds to the Average Calls Per Day Page","","Analytics_Layouts_vod__c","true","false","005U0000000XLdfIAG","2011-09-09T21:10:50.000Z","005U0000000XLdfIAG","2011-09-09T21:10:50.000Z","2011-09-09T21:10:50.000Z"
"012U0000000IqcOIAS","Territory_Comparison_vod","Territory_Comparison_vod","","Record Type that corresponds to the Territory Comparison Page","","Analytics_Layouts_vod__c","true","false","005U0000000XLdfIAG","2011-09-09T21:10:50.000Z","005U0000000XLdfIAG","2011-09-09T21:10:50.000Z","2011-09-09T21:10:50.000Z"
"012U0000000IqcPIAS","Account_Summary_vod","Account_Summary_vod","","Record Type that corresponds to the Account Summary Page","","Analytics_Layouts_vod__c","true","false","005U0000000XLdfIAG","2011-09-09T21:10:50.000Z","005U0000000XLdfIAG","2011-09-09T21:10:50.000Z","2011-09-09T21:10:50.000Z"
"012U0000000IqcQIAS","Reach_And_Frequency_vod","Reach_And_Frequency_vod","","Record Type that corresponds to the Reach and Frequency Page","","Analytics_Layouts_vod__c","true","false","005U0000000XLdfIAG","2011-09-09T21:10:50.000Z","005U0000000XLdfIAG","2011-09-09T21:10:50.000Z","2011-09-09T21:10:50.000Z"
"012U0000000IqcRIAS","Effort_vs_Results_vod","Effort_vs_Results_vod","","Record Type that corresponds to the Effort vs. Results Page","","Analytics_Layouts_vod__c","true","false","005U0000000XLdfIAG","2011-09-09T21:10:50.000Z","005U0000000XLdfIAG","2011-09-09T21:10:50.000Z","2011-09-09T21:10:50.000Z"
"012U0000000IqcSIAS","Territory_Payer_Analysis_vod","Territory_Payer_Analysis_vod","","Record Type that corresponds to the Territory Payer Analysis Page","","Analytics_Layouts_vod__c","true","false","005U0000000XLdfIAG","2011-09-09T21:10:50.000Z","005U0000000XLdfIAG","2011-09-09T21:10:50.000Z","2011-09-09T21:10:50.000Z"
"012U0000000J7cMIAS","z_RFM Call Report","RFM_Call_Report_MRK","","z_not in current use by MRK - RFM Call Report","","Call2_vod__c","false","false","005U0000000XLnnIAG","2011-09-19T19:52:35.000Z","005U0000000nwrsIAA","2013-12-07T03:46:16.000Z","2013-12-07T03:46:16.000Z"
"012U0000000JJ74IAG","Functional Requirement Record Type","Functional_Requirement_Record_Type","","Used for managing FR records","","Requirement_PMO__c","true","false","005U0000000XLnnIAG","2011-09-23T21:27:42.000Z","005U0000000nwrsIAA","2013-07-27T00:41:05.000Z","2013-07-27T00:41:05.000Z"
"012U0000000JJ75IAG","Business Requirement Record Type","Business_Req_Record_Type","","Used to capture Business Requirements","","Requirement_PMO__c","true","false","005U0000000XLnnIAG","2011-09-23T21:27:42.000Z","005U0000000nwrsIAA","2013-07-27T00:41:04.000Z","2013-07-27T00:41:04.000Z"
"012U0000000JJ76IAG","User Requirement Record Type","User_Requirement_Record_Type","","Used for managing UR records","","Requirement_PMO__c","true","false","005U0000000XLnnIAG","2011-09-23T21:27:43.000Z","005U0000000nwrsIAA","2013-07-27T00:41:08.000Z","2013-07-27T00:41:08.000Z"
"012U0000000JJFwIAO","z_Individual Call Report","Individual_Call_Report","","z_not in current use by MRK - Call Report for Individuals","","Call2_vod__c","false","false","005U0000000XLnnIAG","2011-09-23T22:06:11.000Z","005U0000000nwrsIAA","2013-12-07T03:46:15.000Z","2013-12-07T03:46:15.000Z"
"012U0000000JJRhIAO","HCP - Customer Profile","Customer_Profile","","Applies to HCPs. Customer Profile Assessment.","","Assessment__c","true","false","005U0000000XLnnIAG","2011-09-24T00:01:32.000Z","005U0000000XLdkIAG","2011-11-23T02:07:58.000Z","2011-11-23T02:07:59.000Z"
"012U0000000JJVGIA4","HCP - Diabetes: Lipid Lowering","Diabetes_Lipid_Lowering","","Applies to HCPs. Diabetes: Lipid Lowering Assessment.","","Assessment__c","false","false","005U0000000XLnnIAG","2011-09-24T01:03:10.000Z","005U0000000XLdkIAG","2011-11-23T02:07:58.000Z","2011-11-23T02:07:59.000Z"
"012U0000000JL2nIAG","z_Merck Employee","Merck_Employee_MRK","","z_Not used in current Merck Designs_Merck Employee","","Account","false","true","005U0000000XLnnIAG","2011-09-26T04:45:18.000Z","005U0000000nwrsIAA","2014-08-16T01:10:46.000Z","2014-08-16T01:10:46.000Z"
"012U0000000JLozIAG","ORG - Electronic Medical/Health Record Survey","Electronic_Medical_Health_Record_Survey_MRK","","Applies to Organizations. Electronic Medical Records Survey.","","Assessment__c","true","false","005U0000000XLnnIAG","2011-09-26T16:10:12.000Z","005U0000000XLdkIAG","2011-11-23T02:07:58.000Z","2011-11-23T02:07:59.000Z"
"012U0000000KT2ZIAW","Locked","Locked_MRK","","Locked Flag Record Type","","Account_Flag_MRK__c","true","false","005U0000000XLnnIAG","2011-10-27T17:12:55.000Z","005U0000000XLnnIAG","2011-10-27T17:12:55.000Z","2011-10-27T17:12:55.000Z"
"012U0000000KT2aIAG","Unlocked","Unlocked_MRK","","Unlocked Flag Record Type","","Account_Flag_MRK__c","true","false","005U0000000XLnnIAG","2011-10-27T17:12:56.000Z","005U0000000XLnnIAG","2011-10-27T17:12:56.000Z","2011-10-27T17:12:56.000Z"
"012U0000000KT2bIAG","MRK_Affiliatioon","Affiliation_Record_Type","","MRK - The single record type at this time for enterprise placeholder design","","Affiliation_vod__c","true","false","005U0000000XLnnIAG","2011-10-27T17:12:58.000Z","005U0000000nwrsIAA","2014-08-16T01:10:17.000Z","2014-08-16T01:10:17.000Z"
"012U0000000KT2cIAG","CIR 360","CIR_360_MRK","","Integrated Call Activity brought into Veeva System","","Call2_vod__c","true","false","005U0000000XLnnIAG","2011-10-27T17:13:00.000Z","005U0000000nwrsIAA","2013-12-07T03:46:14.000Z","2013-12-07T03:46:14.000Z"
"012U0000000Kc3YIAS","HCP - Total Office Call Initiative","HCP_Total_Office_Call_Initiative_MRK","","Applies to HCPs. Total Office Call Initiative","","Assessment__c","true","false","005U0000000XLnnIAG","2011-11-01T16:03:24.000Z","005U0000000XLdkIAG","2011-11-23T02:07:58.000Z","2011-11-23T02:07:59.000Z"
"012U0000000Kf6xIAC","Customer Finder","Customer_Master_Relationship_MRK","","Relationship loaded from Customer Finder","","Child_Account_vod__c","true","false","005U0000000XLnnIAG","2011-11-02T18:54:53.000Z","005U0000000nwrsIAA","2013-03-02T02:06:54.000Z","2013-03-02T02:06:54.000Z"
"012U0000000Kf78IAC","Rep Generated","Rep_Generated_Relationship_MRK","","Relationship created by a member for the sales force","","Child_Account_vod__c","true","false","005U0000000XLnnIAG","2011-11-02T18:54:54.000Z","005U0000000pD4vIAE","2013-08-30T15:50:35.000Z","2013-08-30T15:50:35.000Z"
"012U0000000XgO6IAK","Managed Services Requirement Record Type","Managed_Services_Requirement_Record_Type","","For Managed Services requirements","","Requirement_PMO__c","true","false","005U0000000XLnnIAG","2011-11-14T18:50:35.000Z","005U0000000nwrsIAA","2013-07-27T00:41:07.000Z","2013-07-27T00:41:07.000Z"
"012U0000000XvDCIA0","MS Request Record Type","MS_Request_Record_Type","","For Help Desk quick requests","","Requirement_PMO__c","true","false","005U0000000XLnnIAG","2011-11-21T18:18:57.000Z","005U0000000nwrsIAA","2013-07-27T00:41:06.000Z","2013-07-27T00:41:06.000Z"
"012U0000000YfzPIAS","Cycle_Plan_Analysis_vod","Cycle_Plan_Analysis_vod","","Record Type that corresponds to the Cycle Plan Analysis Page","","Analytics_Layouts_vod__c","false","false","005U0000000XLdfIAG","2011-12-14T01:38:24.000Z","005U0000000XLdfIAG","2011-12-14T01:38:25.000Z","2011-12-14T01:38:25.000Z"
"012U0000000YfzQIAS","z_Business_Professional_vod","Business_Professional_vod","","z_Not used in Current Merk designs_Business Professional Record Type","","Account","false","true","005U0000000XLdfIAG","2011-12-14T01:38:39.000Z","005U0000000nwrsIAA","2014-08-16T01:10:22.000Z","2014-08-16T01:10:22.000Z"
"012U0000000Z431IAC","z_Distributor Branch_vod","Distributor_Branch_vod","","z_Not used in Current Merck Designs_Distributor Branches","","Account","false","false","005U0000000XLdfIAG","2012-05-07T21:48:33.000Z","005U0000000nwrsIAA","2014-08-16T01:09:04.000Z","2014-08-16T01:09:04.000Z"
"012U0000000Z432IAC","z_Distributor_vod","Distributor_vod","","z_Not used in Current Merck Designs_Distributors","","Account","false","false","005U0000000XLdfIAG","2012-05-07T21:48:34.000Z","005U0000000nwrsIAA","2014-08-16T01:09:08.000Z","2014-08-16T01:09:08.000Z"
"012U0000000Z433IAC","JDNet_Detail_Summary_vod","JDNet_Detail_Summary_vod","","Record Type that corresponds to the JDNet Detail Summary Page","","Analytics_Layouts_vod__c","true","false","005U0000000XLdfIAG","2012-05-07T21:48:50.000Z","005U0000000XLdfIAG","2012-05-07T21:48:50.000Z","2012-05-07T21:48:50.000Z"
"012U0000000Z434IAC","JDNet_Detail_vod","JDNet_Detail_vod","","Record Type that corresponds to the JDNet Detail Page","","Analytics_Layouts_vod__c","true","false","005U0000000XLdfIAG","2012-05-07T21:48:50.000Z","005U0000000XLdfIAG","2012-05-07T21:48:50.000Z","2012-05-07T21:48:50.000Z"
"012U0000000Z435IAC","EPPV","EPPV_vod","","EPPV","","Business_Event_Target_vod__c","true","false","005U0000000XLdfIAG","2012-05-07T21:49:05.000Z","005U0000000XLdfIAG","2012-05-07T21:49:05.000Z","2012-05-07T21:49:05.000Z"
"012U0000000Z436IAC","PI","PI_vod","","PI","","Business_Event_Target_vod__c","true","false","005U0000000XLdfIAG","2012-05-07T21:49:06.000Z","005U0000000XLdfIAG","2012-05-07T21:49:06.000Z","2012-05-07T21:49:06.000Z"
"012U0000000Z437IAC","EPPV","EPPV_vod","","EPPV","","Business_Event_vod__c","true","false","005U0000000XLdfIAG","2012-05-07T21:49:21.000Z","005U0000000XLdfIAG","2012-05-07T21:49:21.000Z","2012-05-07T21:49:21.000Z"
"012U0000000Z438IAC","PI","PI_vod","","PI","","Business_Event_vod__c","true","false","005U0000000XLdfIAG","2012-05-07T21:49:21.000Z","005U0000000XLdfIAG","2012-05-07T21:49:21.000Z","2012-05-07T21:49:21.000Z"
"012U0000000Z439IAC","EPPV","EPPV_vod","","EPPV","","Call_Objective_vod__c","true","false","005U0000000XLdfIAG","2012-05-07T21:49:40.000Z","005U0000000XLdfIAG","2012-05-07T21:49:40.000Z","2012-05-07T21:49:40.000Z"
"012U0000000Z43AIAS","PI","PI_vod","","PI","","Call_Objective_vod__c","true","false","005U0000000XLdfIAG","2012-05-07T21:49:40.000Z","005U0000000XLdfIAG","2012-05-07T21:49:40.000Z","2012-05-07T21:49:40.000Z"
"012U0000000ZNNVIA4","Standard Request","Coded_Request_MRK","","PIR based on standard inquiry","","Medical_Inquiry_vod__c","true","false","005U0000000nwrsIAA","2012-11-14T22:09:22.000Z","005U0000000pD4vIAE","2014-08-28T17:07:35.000Z","2014-08-28T17:07:35.000Z"
"012U0000000ZNNWIA4","Custom Request","Uncoded_Request_MRK","","PIR based on custom inquiry","","Medical_Inquiry_vod__c","true","false","005U0000000nwrsIAA","2012-11-14T22:09:24.000Z","005U0000000pD4vIAE","2014-08-28T17:07:35.000Z","2014-08-28T17:07:35.000Z"
"012U0000000ZNNaIAO","Editable","Editable","","Campaign Member Record Fields are Editable by User. Campaign Members cannot be added or deleted.","","Campaign_Target_vod__c","true","false","005U0000000nwrsIAA","2012-11-14T22:19:25.000Z","005U0000000nwrsIAA","2013-05-11T01:27:20.000Z","2013-05-11T01:27:20.000Z"
"012U0000000ZNNbIAO","Read_Only","Read_Only","","Campaign Member Record Fields are Read Only. Campaign Members cannot be added or deleted.","","Campaign_Target_vod__c","true","false","005U0000000nwrsIAA","2012-11-14T22:19:25.000Z","005U0000000nwrsIAA","2013-05-11T01:27:20.000Z","2013-05-11T01:27:20.000Z"
"012U0000000ZNNcIAO","Rep_Enabled","Rep_Enabled","","Campaign Member Record Fields are Editable. Campaign Members can be added or deleted.","","Campaign_Target_vod__c","true","false","005U0000000nwrsIAA","2012-11-14T22:19:25.000Z","005U0000000nwrsIAA","2013-05-11T01:27:20.000Z","2013-05-11T01:27:20.000Z"
"012U0000000ZNNdIAO","Headquarters","Headquarters","","Read Only Campaigns. Read Only Campaign Targets. Read Only Campaign Target Records.","","Campaign_vod__c","true","false","005U0000000nwrsIAA","2012-11-14T22:19:26.000Z","005U0000000nwrsIAA","2012-11-14T22:19:26.000Z","2012-11-14T22:19:26.000Z"
"012U0000000ZNNeIAO","Headquarters_Editable","Headquarters_Editable","","Read Only Campaigns. Read Only Campaign Targets. Editable Campaign Target Records.","","Campaign_vod__c","true","false","005U0000000nwrsIAA","2012-11-14T22:19:26.000Z","005U0000000nwrsIAA","2012-11-14T22:19:26.000Z","2012-11-14T22:19:26.000Z"
"012U0000000ZNNfIAO","Rep_Enabled","Rep_Enabled","","Read Only Campaigns. Editable Campaign Targets. Editable Campaign Target Records.","","Campaign_vod__c","true","false","005U0000000nwrsIAA","2012-11-14T22:19:26.000Z","005U0000000nwrsIAA","2012-11-14T22:19:26.000Z","2012-11-14T22:19:26.000Z"
"012U0000000ZNNgIAO","MRK_ME_OPEN","Medical_Event_CRED_MRK","","Medical Event Record Type Which Allows Entry and Update/Submit For Field Reps Recording RFM Events","","Medical_Event_vod__c","true","false","005U0000000nwrsIAA","2012-11-14T22:19:26.000Z","005U0000000nwrsIAA","2014-08-16T04:44:08.000Z","2014-08-16T04:44:08.000Z"
"012U0000000ZNNhIAO","MRK_ME_LOCKED","Medical_Event_RO_MRK","","Medical Event Record Type Which Locks and Prevents Rep Edits For Field Reps Submitted RFM Events - 4/13/2012 - KRB a read only version of the Medical Event Page Layout.","","Medical_Event_vod__c","true","false","005U0000000nwrsIAA","2012-11-14T22:19:27.000Z","005U0000000nwrsIAA","2014-08-16T04:43:45.000Z","2014-08-16T04:43:45.000Z"
"012U0000000ZSn8IAG","HBP","HBP","","Healthcare Business Professional","","Account","true","true","005U0000000nwrsIAA","2013-02-22T22:20:25.000Z","005U0000000nwrsIAA","2014-08-16T01:10:26.000Z","2014-08-16T01:10:26.000Z"
"012U0000000ZSn9IAG","HCP","HCP","","Health Care Professional","","Account","true","true","005U0000000nwrsIAA","2013-02-22T22:20:34.000Z","005U0000000nwrsIAA","2014-08-16T01:10:34.000Z","2014-08-16T01:10:34.000Z"
"012U0000000ZSnrIAG","Payment_Terms_Rule_vod","Payment_Terms_Rule_vod","","This pricing rule is used to define how payment should be handled. Payment Term rules can be configured to target Products, Brands, Product Groups, or the Order level.","","Pricing_Rule_vod__c","true","false","005U0000000XLdfIAG","2013-02-23T20:33:18.000Z","005U0000000XLdfIAG","2013-02-23T20:33:18.000Z","2013-02-23T20:33:18.000Z"
"012U0000000ZT9wIAG","Hospital - Inactive","Hospital_Inactive","","Inactive Hospital record.","","Account","true","false","005U0000000nwrsIAA","2013-03-02T02:06:16.000Z","005U0000000nwrsIAA","2014-08-16T01:09:28.000Z","2014-08-16T01:09:28.000Z"
"012U0000000ZT9xIAG","Organization - Inactive","Organization_Inactive","","Inactive Organization record.","","Account","true","false","005U0000000nwrsIAA","2013-03-02T02:06:30.000Z","005U0000000nwrsIAA","2014-08-16T01:09:51.000Z","2014-08-16T01:09:51.000Z"
"012U0000000ZT9yIAG","Pharmacy - Inactive","Pharmacy_Inactive","","Inactive Pharmacy record.","","Account","true","false","005U0000000nwrsIAA","2013-03-02T02:06:41.000Z","005U0000000nwrsIAA","2014-08-16T01:09:57.000Z","2014-08-16T01:09:57.000Z"
"012U0000000ZT9zIAG","Assessment","Assessment","","","","Assessment_MRK__c","true","false","005U0000000nwrsIAA","2013-03-02T02:06:54.000Z","005U0000000nwrsIAA","2013-03-02T02:06:54.000Z","2013-03-02T02:06:54.000Z"
"012U0000000ZTA0IAO","HBP - Inactive","HBP_Inactive","","Inactive Healthcare Business Professional record.","","Account","true","true","005U0000000nwrsIAA","2013-03-02T02:07:01.000Z","005U0000000nwrsIAA","2014-08-16T01:10:30.000Z","2014-08-16T01:10:30.000Z"
"012U0000000ZTA1IAO","HCP - Inactive","HCP_Inactive","","Inactive Healthcare Professional record.","","Account","true","true","005U0000000nwrsIAA","2013-03-02T02:07:14.000Z","005U0000000nwrsIAA","2014-08-16T01:10:38.000Z","2014-08-16T01:10:38.000Z"
"012U0000000ZTA2IAO","MRK - Alignment Status","CFE_Coverage","","Alignment Status Record Type for Merck","","TSF_vod__c","true","false","005U0000000nwrsIAA","2013-03-02T02:07:35.000Z","005U0000000nwrsIAA","2014-08-16T01:10:59.000Z","2014-08-16T01:10:59.000Z"
"012U0000000ZXxDIAW","Submitted Request","Submitted_Request_MRK","","2/28/2013 bid Read Only record type for submitted requests","","Medical_Inquiry_vod__c","true","false","005U0000000nwrsIAA","2013-05-11T01:27:20.000Z","005U0000000pD4vIAE","2014-08-28T17:07:35.000Z","2014-08-28T17:07:35.000Z"
"012U0000000ZXxEIAW","Merck Change Control Requests","Merck_Change_Control_Requests","","This record type will be used to create Change Control Requests","","Requirement_PMO__c","true","false","005U0000000nwrsIAA","2013-05-11T01:27:21.000Z","005U0000000nwrsIAA","2013-07-27T00:41:07.000Z","2013-07-27T00:41:07.000Z"
"012U0000000ZaigIAC","Email_Fragment_vod","Email_Fragment_vod","","The source document is a Vault 'Email Fragment' doctype. This is an HTML fragment that contains references to 1:M Vault documents. Each instance of an Email Fragment contains 0:M references to strongly typed Related Documents within Vault.","","Approved_Document_vod__c","true","false","005U0000000XLdfIAG","2013-06-29T00:37:45.000Z","005U0000000XLdfIAG","2013-06-29T00:37:45.000Z","2013-06-29T00:37:45.000Z"
"012U0000000ZaihIAC","Email_Template_vod","Email_Template_vod","","An Email Template is a Vault document type. Email Templates are root documents that are displayed to Reps when sending emails.","","Approved_Document_vod__c","true","false","005U0000000XLdfIAG","2013-06-29T00:37:46.000Z","005U0000000XLdfIAG","2013-06-29T00:37:46.000Z","2013-06-29T00:37:46.000Z"
"012U0000000ZaiiIAC","Engage_vod","Engage_vod","","Engage Presentations are CLM Presentations that can be deployed online.","","Approved_Document_vod__c","true","false","005U0000000XLdfIAG","2013-06-29T00:37:46.000Z","005U0000000XLdfIAG","2013-06-29T00:37:46.000Z","2013-06-29T00:37:46.000Z"
"012U0000000ZaijIAC","Email_Activity_vod","Email_Activity_vod","","This segregates all email activity, eg opens, clicks, bounces, unsubs, etc. This activity is all populated via API from the Email Engine. The email engine will persist CRM org_id and sent_email_id values on each activity for correlation.","","Email_Activity_vod__c","true","false","005U0000000XLdfIAG","2013-06-29T00:37:46.000Z","005U0000000XLdfIAG","2013-06-29T00:37:46.000Z","2013-06-29T00:37:46.000Z"
"012U0000000ZaikIAC","Vault_Activity_vod","Vault_Activity_vod","","This segregates all post-clickthru activity, eg Vault page views. This activity is all populated via API from Vault. Vault will persist CRM org_id and sent_email_id values on each activity for correlation.","","Email_Activity_vod__c","true","false","005U0000000XLdfIAG","2013-06-29T00:37:46.000Z","005U0000000XLdfIAG","2013-06-29T00:37:46.000Z","2013-06-29T00:37:46.000Z"
"012U0000000ZailIAC","Approved_Email_vod","Approved_Email_vod","","Record type for consent records originating from the AE channel.","","Multichannel_Consent_vod__c","true","false","005U0000000XLdfIAG","2013-06-29T00:37:46.000Z","005U0000000XLdfIAG","2013-06-29T00:37:46.000Z","2013-06-29T00:37:46.000Z"
"012U0000000ZaimIAC","CLM_vod","CLM_vod","","Record type for consent records originating from the CLM channel.","","Multichannel_Consent_vod__c","true","false","005U0000000XLdfIAG","2013-06-29T00:37:46.000Z","005U0000000XLdfIAG","2013-06-29T00:37:46.000Z","2013-06-29T00:37:46.000Z"
"012U0000000ZainIAC","Engage_vod","Engage_vod","","Record type for consent records originating from the Engage channel.","","Multichannel_Consent_vod__c","true","false","005U0000000XLdfIAG","2013-06-29T00:37:47.000Z","005U0000000XLdfIAG","2013-06-29T00:37:47.000Z","2013-06-29T00:37:47.000Z"
"012U0000000ZaioIAC","CLM_vod","CLM_vod","","Record type for responses gathered from CLM presentations.","","Question_Response_vod__c","true","false","005U0000000XLdfIAG","2013-06-29T00:37:47.000Z","005U0000000XLdfIAG","2013-06-29T00:37:47.000Z","2013-06-29T00:37:47.000Z"
"012U0000000ZaipIAC","CRM_vod","CRM_vod","","Record type for responses gathered from Veeva CRM.","","Question_Response_vod__c","true","false","005U0000000XLdfIAG","2013-06-29T00:37:47.000Z","005U0000000XLdfIAG","2013-06-29T00:37:47.000Z","2013-06-29T00:37:47.000Z"
"012U0000000ZaiqIAC","Date_vod","Date_vod","","Used for date questions.","","Question_vod__c","true","false","005U0000000XLdfIAG","2013-06-29T00:37:47.000Z","005U0000000XLdfIAG","2013-06-29T00:37:47.000Z","2013-06-29T00:37:47.000Z"
"012U0000000ZairIAC","Datetime_vod","Datetime_vod","","Used for datetime questions.","","Question_vod__c","true","false","005U0000000XLdfIAG","2013-06-29T00:37:47.000Z","005U0000000XLdfIAG","2013-06-29T00:37:47.000Z","2013-06-29T00:37:47.000Z"
"012U0000000ZaisIAC","Description_vod","Description_vod","","Used for description text.","","Question_vod__c","true","false","005U0000000XLdfIAG","2013-06-29T00:37:48.000Z","005U0000000XLdfIAG","2013-06-29T00:37:48.000Z","2013-06-29T00:37:48.000Z"
"012U0000000ZaitIAC","Long_Text_vod","Long_Text_vod","","Used for text questions where the answer is limited to 2,500 characters.","","Question_vod__c","true","false","005U0000000XLdfIAG","2013-06-29T00:37:48.000Z","005U0000000XLdfIAG","2013-06-29T00:37:48.000Z","2013-06-29T00:37:48.000Z"
"012U0000000ZaiuIAC","Multiselect_vod","Multiselect_vod","","Used for multselect picklist type questions.","","Question_vod__c","true","false","005U0000000XLdfIAG","2013-06-29T00:37:48.000Z","005U0000000XLdfIAG","2013-06-29T00:37:48.000Z","2013-06-29T00:37:48.000Z"
"012U0000000ZaivIAC","Number_vod","Number_vod","","Used for number questions.","","Question_vod__c","true","false","005U0000000XLdfIAG","2013-06-29T00:37:48.000Z","005U0000000XLdfIAG","2013-06-29T00:37:48.000Z","2013-06-29T00:37:48.000Z"
"012U0000000ZaiwIAC","Picklist_vod","Picklist_vod","","Used for picklist questions. Picklist and radio type questions both only allow a single answer choice, but picklist questions display in a dropdown box.","","Question_vod__c","true","false","005U0000000XLdfIAG","2013-06-29T00:37:48.000Z","005U0000000XLdfIAG","2013-06-29T00:37:48.000Z","2013-06-29T00:37:48.000Z"
"012U0000000ZaixIAC","Radio_vod","Radio_vod","","Used for radio questions.","","Question_vod__c","true","false","005U0000000XLdfIAG","2013-06-29T00:37:48.000Z","005U0000000XLdfIAG","2013-06-29T00:37:48.000Z","2013-06-29T00:37:48.000Z"
"012U0000000ZaiyIAC","Text_vod","Text_vod","","Used for text questions where the answer is limited to 255 characters.","","Question_vod__c","true","false","005U0000000XLdfIAG","2013-06-29T00:37:49.000Z","005U0000000XLdfIAG","2013-06-29T00:37:49.000Z","2013-06-29T00:37:49.000Z"
"012U0000000ZaizIAC","Account_vod","Account_vod","","Record type for those Sent Email originating from My Accounts or the Account detail page","","Sent_Email_vod__c","true","false","005U0000000XLdfIAG","2013-06-29T00:37:49.000Z","005U0000000XLdfIAG","2014-07-26T01:16:21.000Z","2014-07-26T01:16:21.000Z"
"012U0000000Zaj0IAC","CLM_vod","CLM_vod","","Record type for those Sent Email originating from CLM","","Sent_Email_vod__c","true","false","005U0000000XLdfIAG","2013-06-29T00:37:49.000Z","005U0000000XLdfIAG","2014-07-26T01:16:21.000Z","2014-07-26T01:16:21.000Z"
"012U0000000Zaj1IAC","Call_vod","Call_vod","","Record type for those Sent Email originating from Calls","","Sent_Email_vod__c","true","false","005U0000000XLdfIAG","2013-06-29T00:37:50.000Z","005U0000000XLdfIAG","2014-07-26T01:16:21.000Z","2014-07-26T01:16:21.000Z"
"012U0000000Zaj2IAC","Medical_Event_vod","Medical_Event_vod","","Record type for those Sent Email originating from Medical Event","","Sent_Email_vod__c","true","false","005U0000000XLdfIAG","2013-06-29T00:37:50.000Z","005U0000000XLdfIAG","2014-07-26T01:16:22.000Z","2014-07-26T01:16:22.000Z"
"012U0000000Zaj3IAC","Date_vod","Date_vod","","Used for date questions.","","Survey_Question_vod__c","true","false","005U0000000XLdfIAG","2013-06-29T00:37:50.000Z","005U0000000XLdfIAG","2013-06-29T00:37:50.000Z","2013-06-29T00:37:50.000Z"
"012U0000000Zaj4IAC","Datetime_vod","Datetime_vod","","Used for datetime questions.","","Survey_Question_vod__c","true","false","005U0000000XLdfIAG","2013-06-29T00:37:50.000Z","005U0000000XLdfIAG","2013-06-29T00:37:50.000Z","2013-06-29T00:37:50.000Z"
"012U0000000Zaj5IAC","Description_vod","Description_vod","","Used for description text.","","Survey_Question_vod__c","true","false","005U0000000XLdfIAG","2013-06-29T00:37:50.000Z","005U0000000XLdfIAG","2013-06-29T00:37:50.000Z","2013-06-29T00:37:50.000Z"
"012U0000000Zaj6IAC","Long_Text_vod","Long_Text_vod","","Used for text questions where the answer is limited to 2,500 characters.","","Survey_Question_vod__c","true","false","005U0000000XLdfIAG","2013-06-29T00:37:50.000Z","005U0000000XLdfIAG","2013-06-29T00:37:50.000Z","2013-06-29T00:37:50.000Z"
"012U0000000Zaj7IAC","Multiselect_vod","Multiselect_vod","","Used for multselect picklist type questions.","","Survey_Question_vod__c","true","false","005U0000000XLdfIAG","2013-06-29T00:37:50.000Z","005U0000000XLdfIAG","2013-06-29T00:37:50.000Z","2013-06-29T00:37:50.000Z"
"012U0000000Zaj8IAC","Number_vod","Number_vod","","Used for number questions.","","Survey_Question_vod__c","true","false","005U0000000XLdfIAG","2013-06-29T00:37:50.000Z","005U0000000XLdfIAG","2013-06-29T00:37:50.000Z","2013-06-29T00:37:50.000Z"
"012U0000000Zaj9IAC","Picklist_vod","Picklist_vod","","Used for picklist questions. Picklist and radio type questions both only allow a single answer choice, but picklist questions display in a dropdown box.","","Survey_Question_vod__c","true","false","005U0000000XLdfIAG","2013-06-29T00:37:50.000Z","005U0000000XLdfIAG","2013-06-29T00:37:50.000Z","2013-06-29T00:37:50.000Z"
"012U0000000ZajAIAS","Radio_vod","Radio_vod","","Used for radio questions.","","Survey_Question_vod__c","true","false","005U0000000XLdfIAG","2013-06-29T00:37:50.000Z","005U0000000XLdfIAG","2013-06-29T00:37:50.000Z","2013-06-29T00:37:50.000Z"
"012U0000000ZajBIAS","Text_vod","Text_vod","","Used for text questions where the answer is limited to 255 characters.","","Survey_Question_vod__c","true","false","005U0000000XLdfIAG","2013-06-29T00:37:51.000Z","005U0000000XLdfIAG","2013-06-29T00:37:51.000Z","2013-06-29T00:37:51.000Z"
"012U0000000ZajCIAS","One_Time_vod","One_Time_vod","","One-Time surveys can be submitted once per account.","","Survey_Target_vod__c","true","false","005U0000000XLdfIAG","2013-06-29T00:37:51.000Z","005U0000000XLdfIAG","2013-06-29T00:37:51.000Z","2013-06-29T00:37:51.000Z"
"012U0000000ZajDIAS","Recurring_vod","Recurring_vod","","Recurring surveys can be submitted multiple times before the end date, with each submission counting as a new record.","","Survey_Target_vod__c","true","false","005U0000000XLdfIAG","2013-06-29T00:37:51.000Z","005U0000000XLdfIAG","2013-06-29T00:37:51.000Z","2013-06-29T00:37:51.000Z"
"012U0000000ZajEIAS","One_Time_vod","One_Time_vod","","One-Time surveys can be submitted once per account.","","Survey_vod__c","true","false","005U0000000XLdfIAG","2013-06-29T00:37:51.000Z","005U0000000XLdfIAG","2013-06-29T00:37:51.000Z","2013-06-29T00:37:51.000Z"
"012U0000000ZajFIAS","Recurring_vod","Recurring_vod","","Recurring surveys can be submitted multiple times before the end date, with each submission counting as a new record.","","Survey_vod__c","true","false","005U0000000XLdfIAG","2013-06-29T00:37:51.000Z","005U0000000XLdfIAG","2013-06-29T00:37:51.000Z","2013-06-29T00:37:51.000Z"
"012U0000000Zl5XIAS","Account_Schedule_vod","Account_Schedule_vod","","Record type indicating the filter settings are related to Account Views and Lists","","Bookmark_vod__c","true","false","005U0000000XLdfIAG","2013-11-16T02:51:42.000Z","005U0000000XLdfIAG","2013-11-16T02:51:42.000Z","2013-11-16T02:51:42.000Z"
"012U0000000Zl5YIAS","Cycle_Plan_Schedule_vod","Cycle_Plan_Schedule_vod","","Record type indicating the filter settings are related to Cycle Plan","","Bookmark_vod__c","true","false","005U0000000XLdfIAG","2013-11-16T02:51:43.000Z","005U0000000XLdfIAG","2013-11-16T02:51:43.000Z","2013-11-16T02:51:43.000Z"
"012U0000000Zl5ZIAS","Listing_vod","Listing_vod","","Used to record contractual obligations for Inventory Monitoring data, such as product placement and moved inventory.","","Contract_Line_vod__c","true","false","005U0000000XLdfIAG","2013-11-16T02:51:44.000Z","005U0000000XLdfIAG","2013-11-16T02:51:44.000Z","2013-11-16T02:51:44.000Z"
"012U0000000Zl5aIAC","Sales_vod","Sales_vod","","Used to record contractual obligations for product quantities and values pertaining to Orders.","","Contract_Line_vod__c","true","false","005U0000000XLdfIAG","2013-11-16T02:51:44.000Z","005U0000000XLdfIAG","2013-11-16T02:51:44.000Z","2013-11-16T02:51:44.000Z"
"012U0000000Zl5bIAC","Listing_vod","Listing_vod","","Used to relate an account to a Listing Contract.","","Contract_Partner_vod__c","true","false","005U0000000XLdfIAG","2013-11-16T02:51:44.000Z","005U0000000XLdfIAG","2013-11-16T02:51:44.000Z","2013-11-16T02:51:44.000Z"
"012U0000000Zl5cIAC","Sales_vod","Sales_vod","","Used to relate an Account to a Sales Contract.","","Contract_Partner_vod__c","true","false","005U0000000XLdfIAG","2013-11-16T02:51:44.000Z","005U0000000XLdfIAG","2013-11-16T02:51:44.000Z","2013-11-16T02:51:44.000Z"
"012U0000000Zl5dIAC","Listing_vod","Listing_vod","","Used for Contracts that will be associated with Inventory Monitoring.","","Contract_vod__c","true","false","005U0000000XLdfIAG","2013-11-16T02:51:44.000Z","005U0000000XLdfIAG","2013-11-16T02:51:44.000Z","2013-11-16T02:51:44.000Z"
"012U0000000Zl5eIAC","Sales_vod","Sales_vod","","Used for Contracts that will be associated with Orders.","","Contract_vod__c","true","false","005U0000000XLdfIAG","2013-11-16T02:51:44.000Z","005U0000000XLdfIAG","2013-11-16T02:51:44.000Z","2013-11-16T02:51:44.000Z"
"012U0000000Zl5fIAC","Account_vod","Account_vod","","Account Data Change Request","","Data_Change_Request_vod__c","true","false","005U0000000XLdfIAG","2013-11-16T02:51:44.000Z","005U0000000XLdfIAG","2013-11-16T02:51:44.000Z","2013-11-16T02:51:44.000Z"
"012U0000000Zl5gIAC","Address_vod","Address_vod","","Address Data Change Request","","Data_Change_Request_vod__c","true","false","005U0000000XLdfIAG","2013-11-16T02:51:45.000Z","005U0000000XLdfIAG","2013-11-16T02:51:45.000Z","2013-11-16T02:51:45.000Z"
"012U0000000Zl5hIAC","Child_Account_vod","Child_Account_vod","","Child Account Data Change Request","","Data_Change_Request_vod__c","true","false","005U0000000XLdfIAG","2013-11-16T02:51:45.000Z","005U0000000XLdfIAG","2013-11-16T02:51:45.000Z","2013-11-16T02:51:45.000Z"
"012U0000000Zl5iIAC","Boolean_vod","Boolean_vod","","CRM checkbox to a Network 'Boolean' Reference Mapping.","","Network_Field_Mapping_vod__c","true","false","005U0000000XLdfIAG","2013-11-16T02:51:45.000Z","005U0000000XLdfIAG","2013-11-16T02:51:45.000Z","2013-11-16T02:51:45.000Z"
"012U0000000Zl5jIAC","External_ID_vod","External_ID_vod","","External ID mapping.","","Network_Field_Mapping_vod__c","true","false","005U0000000XLdfIAG","2013-11-16T02:51:45.000Z","005U0000000XLdfIAG","2013-11-16T02:51:45.000Z","2013-11-16T02:51:45.000Z"
"012U0000000Zl5kIAC","Lookup_vod","Lookup_vod","","CRM Lookup to Network Reference mapping.","","Network_Field_Mapping_vod__c","true","false","005U0000000XLdfIAG","2013-11-16T02:51:45.000Z","005U0000000XLdfIAG","2013-11-16T02:51:45.000Z","2013-11-16T02:51:45.000Z"
"012U0000000Zl5lIAC","Name_vod","Name_vod","","Mapping by field names","","Network_Field_Mapping_vod__c","true","false","005U0000000XLdfIAG","2013-11-16T02:51:45.000Z","005U0000000XLdfIAG","2013-11-16T02:51:45.000Z","2013-11-16T02:51:45.000Z"
"012U0000000Zl5mIAC","Object_Reference_vod","Object_Reference_vod","","Reference to Network Object Mapping.","","Network_Field_Mapping_vod__c","true","false","005U0000000XLdfIAG","2013-11-16T02:51:45.000Z","005U0000000XLdfIAG","2013-11-16T02:51:45.000Z","2013-11-16T02:51:45.000Z"
"012U0000000Zl5nIAC","Picklist_vod","Picklist_vod","","CRM Picklist to Network Reference mapping.","","Network_Field_Mapping_vod__c","true","false","005U0000000XLdfIAG","2013-11-16T02:51:46.000Z","005U0000000XLdfIAG","2013-11-16T02:51:46.000Z","2013-11-16T02:51:46.000Z"
"012U0000000Zl5oIAC","Record_Type_vod","Record_Type_vod","","CRM Record Type to Network Reference mapping.","","Network_Field_Mapping_vod__c","true","false","005U0000000XLdfIAG","2013-11-16T02:51:46.000Z","005U0000000XLdfIAG","2013-11-16T02:51:46.000Z","2013-11-16T02:51:46.000Z"
"012U0000000Zl5pIAC","Boolean_vod","Boolean_vod","","CRM checkbox - Network 'Boolean' Reference values mapping.","","Network_Reference_Mapping_vod__c","true","false","005U0000000XLdfIAG","2013-11-16T02:51:46.000Z","005U0000000XLdfIAG","2013-11-16T02:51:46.000Z","2013-11-16T02:51:46.000Z"
"012U0000000Zl5qIAC","Lookup_vod","Lookup_vod","","CRM Lookup - Network Reference values mapping.","","Network_Reference_Mapping_vod__c","true","false","005U0000000XLdfIAG","2013-11-16T02:51:46.000Z","005U0000000XLdfIAG","2013-11-16T02:51:46.000Z","2013-11-16T02:51:46.000Z"
"012U0000000Zl5rIAC","Picklist_vod","Picklist_vod","","CRM Picklist - Network Reference values mapping.","","Network_Reference_Mapping_vod__c","true","false","005U0000000XLdfIAG","2013-11-16T02:51:46.000Z","005U0000000XLdfIAG","2013-11-16T02:51:46.000Z","2013-11-16T02:51:46.000Z"
"012U0000000Zl5sIAC","Record_Type_vod","Record_Type_vod","","CRM Record Type - Network Reference values mapping.","","Network_Reference_Mapping_vod__c","true","false","005U0000000XLdfIAG","2013-11-16T02:51:46.000Z","005U0000000XLdfIAG","2013-11-16T02:51:46.000Z","2013-11-16T02:51:46.000Z"
"012U0000000ZnzcIAC","USCO","USCO_MRK","","USCO Coaching Report","","Coaching_Report_vod__c","true","false","005U0000000nwrsIAA","2013-12-07T03:46:16.000Z","005U0000000nwrsIAA","2014-08-16T01:10:19.000Z","2014-08-16T01:10:19.000Z"
"012U0000000ZnzdIAC","Vaccines","Vaccines_MRK","","Vaccines Coaching Report","","Coaching_Report_vod__c","true","false","005U0000000nwrsIAA","2013-12-07T03:46:17.000Z","005U0000000nwrsIAA","2014-08-16T01:10:20.000Z","2014-08-16T01:10:20.000Z"
"012U0000000ZnzeIAC","Communication Event","Communication_Event_MRK","","Communication Event","","Event","true","false","005U0000000nwrsIAA","2013-12-07T03:46:17.000Z","005U0000000nwrsIAA","2013-12-07T03:46:17.000Z","2013-12-07T03:46:17.000Z"
"012U0000000ZnzfIAC","MRK - CONTROLLED","MRK_CONTROLLED","","Used to hold Merck Controlled Substance brand state credential and schedule restrictions","","Samples_State_Credential_Settings_vod__c","true","false","005U0000000nwrsIAA","2013-12-07T03:46:17.000Z","005U0000000nwrsIAA","2013-12-07T03:46:17.000Z","2013-12-07T03:46:17.000Z"
"012U0000000ZnzgIAC","MRK - LEGEND","MRK_LEGEND","","Used to hold Merck Legend brand state credential restrictions","","Samples_State_Credential_Settings_vod__c","true","false","005U0000000nwrsIAA","2013-12-07T03:46:18.000Z","005U0000000nwrsIAA","2013-12-07T03:46:18.000Z","2013-12-07T03:46:18.000Z"
"012U0000000a2ZRIAY","Engage_vod","Engage_vod","","Used for records created via Engage","","Account_External_ID_Map_vod__c","true","false","005U0000000XLdfIAG","2014-03-22T01:02:32.000Z","005U0000000XLdfIAG","2014-03-22T01:02:32.000Z","2014-03-22T01:02:32.000Z"
"012U0000000a2ZSIAY","Engage_vod","Engage_vod","","For the Engage site/presentation relationship","","Content_Deployment_vod__c","true","false","005U0000000XLdfIAG","2014-03-22T01:02:34.000Z","005U0000000XLdfIAG","2014-03-22T01:02:34.000Z","2014-03-22T01:02:34.000Z"
"012U0000000a2ZTIAY","CLM_vod","CLM_vod","","Used for CLM Presentations","","Directory_vod__c","true","false","005U0000000XLdfIAG","2014-03-22T01:02:35.000Z","005U0000000XLdfIAG","2014-03-22T01:02:35.000Z","2014-03-22T01:02:35.000Z"
"012U0000000a2ZUIAY","Engage_vod","Engage_vod","","Used for records created via Engage","","Multichannel_Activity_Line_vod__c","true","false","005U0000000XLdfIAG","2014-03-22T01:02:35.000Z","005U0000000XLdfIAG","2014-03-22T01:02:35.000Z","2014-03-22T01:02:35.000Z"
"012U0000000a2ZVIAY","Engage_vod","Engage_vod","","Used for records created via Engage","","Multichannel_Activity_vod__c","true","false","005U0000000XLdfIAG","2014-03-22T01:02:35.000Z","005U0000000XLdfIAG","2014-03-22T01:02:35.000Z","2014-03-22T01:02:35.000Z"
"012U0000000a2ZWIAY","Engage_Slide_vod","Engage_Slide_vod","","For Engage Slides","","Multichannel_Content_Asset_vod__c","true","false","005U0000000XLdfIAG","2014-03-22T01:02:35.000Z","005U0000000XLdfIAG","2014-03-22T01:02:35.000Z","2014-03-22T01:02:35.000Z"
"012U0000000a2ZXIAY","Engage_Presentation_vod","Engage_Presentation_vod","","For Engage Presentations","","Multichannel_Content_vod__c","true","false","005U0000000XLdfIAG","2014-03-22T01:02:35.000Z","005U0000000XLdfIAG","2014-03-22T01:02:35.000Z","2014-03-22T01:02:35.000Z"
"012U0000000a2ZYIAY","Engage_vod","Engage_vod","","For sites which host the Engage player","","Site_vod__c","true","false","005U0000000XLdfIAG","2014-03-22T01:02:36.000Z","005U0000000XLdfIAG","2014-03-22T01:02:36.000Z","2014-03-22T01:02:36.000Z"
"012U0000000a2ZZIAY","WindowsModern_vod","WindowsModern_vod","","The page layout associated to this record type will be used for Windows Modern.","","VMobile_Home_Page_Layout_vod__c","true","false","005U0000000XLdfIAG","2014-03-22T01:02:36.000Z","005U0000000XLdfIAG","2014-03-22T01:02:36.000Z","2014-03-22T01:02:36.000Z"
"012U0000000a2ZaIAI","iPad_vod","iPad_vod","","The page layout associated to this record type will be used for iPad","","VMobile_Home_Page_Layout_vod__c","true","false","005U0000000XLdfIAG","2014-03-22T01:02:36.000Z","005U0000000XLdfIAG","2014-03-22T01:02:36.000Z","2014-03-22T01:02:36.000Z"
"012U0000000a8GHIAY","Board_vod","Board_vod","","Used to create configuration specific to accounts of this record type.","","Account_Overview_Layout_vod__c","true","false","005U0000000XLdfIAG","2014-07-26T01:16:16.000Z","005U0000000XLdfIAG","2014-07-26T01:16:16.000Z","2014-07-26T01:16:16.000Z"
"012U0000000a8GIIAY","Business_Professional_vod","Business_Professional_vod","","Used to create configuration specific to accounts of this record type.","","Account_Overview_Layout_vod__c","true","false","005U0000000XLdfIAG","2014-07-26T01:16:17.000Z","005U0000000XLdfIAG","2014-07-26T01:16:17.000Z","2014-07-26T01:16:17.000Z"
"012U0000000a8GJIAY","Distributor Branch_vod","Distributor_Branch_vod","","Used to create configuration specific to accounts of this record type.","","Account_Overview_Layout_vod__c","true","false","005U0000000XLdfIAG","2014-07-26T01:16:17.000Z","005U0000000XLdfIAG","2014-07-26T01:16:17.000Z","2014-07-26T01:16:17.000Z"
"012U0000000a8GKIAY","Distributor_vod","Distributor_vod","","Used to create configuration specific to accounts of this record type.","","Account_Overview_Layout_vod__c","true","false","005U0000000XLdfIAG","2014-07-26T01:16:17.000Z","005U0000000XLdfIAG","2014-07-26T01:16:17.000Z","2014-07-26T01:16:17.000Z"
"012U0000000a8GLIAY","Employer_vod","Employer_vod","","Used to create configuration specific to accounts of this record type.","","Account_Overview_Layout_vod__c","true","false","005U0000000XLdfIAG","2014-07-26T01:16:17.000Z","005U0000000XLdfIAG","2014-07-26T01:16:17.000Z","2014-07-26T01:16:17.000Z"
"012U0000000a8GMIAY","Government_Agency_vod","Government_Agency_vod","","Used to create configuration specific to accounts of this record type.","","Account_Overview_Layout_vod__c","true","false","005U0000000XLdfIAG","2014-07-26T01:16:17.000Z","005U0000000XLdfIAG","2014-07-26T01:16:17.000Z","2014-07-26T01:16:17.000Z"
"012U0000000a8GNIAY","Hospital Department_vod","Hospital_Department_vod","","Used to create configuration specific to accounts of this record type.","","Account_Overview_Layout_vod__c","true","false","005U0000000XLdfIAG","2014-07-26T01:16:18.000Z","005U0000000XLdfIAG","2014-07-26T01:16:18.000Z","2014-07-26T01:16:18.000Z"
"012U0000000a8GOIAY","Hospital_vod","Hospital_vod","","Used to create configuration specific to accounts of this record type.","","Account_Overview_Layout_vod__c","true","false","005U0000000XLdfIAG","2014-07-26T01:16:18.000Z","005U0000000XLdfIAG","2014-07-26T01:16:18.000Z","2014-07-26T01:16:18.000Z"
"012U0000000a8GPIAY","Institution_vod","Institution_vod","","Used to create configuration specific to accounts of this record type.","","Account_Overview_Layout_vod__c","true","false","005U0000000XLdfIAG","2014-07-26T01:16:18.000Z","005U0000000XLdfIAG","2014-07-26T01:16:18.000Z","2014-07-26T01:16:18.000Z"
"012U0000000a8GQIAY","KOL_vod","KOL_vod","","Used to create configuration specific to accounts of this record type.","","Account_Overview_Layout_vod__c","true","false","005U0000000XLdfIAG","2014-07-26T01:16:18.000Z","005U0000000XLdfIAG","2014-07-26T01:16:18.000Z","2014-07-26T01:16:18.000Z"
"012U0000000a8GRIAY","Laboratory_vod","Laboratory_vod","","Used to create configuration specific to accounts of this record type.","","Account_Overview_Layout_vod__c","true","false","005U0000000XLdfIAG","2014-07-26T01:16:18.000Z","005U0000000XLdfIAG","2014-07-26T01:16:18.000Z","2014-07-26T01:16:18.000Z"
"012U0000000a8GSIAY","MCO Plan_vod","MCO_Plan_vod","","Used to create configuration specific to accounts of this record type.","","Account_Overview_Layout_vod__c","true","false","005U0000000XLdfIAG","2014-07-26T01:16:18.000Z","005U0000000XLdfIAG","2014-07-26T01:16:18.000Z","2014-07-26T01:16:18.000Z"
"012U0000000a8GTIAY","MCO_vod","MCO_vod","","Used to create configuration specific to accounts of this record type.","","Account_Overview_Layout_vod__c","true","false","005U0000000XLdfIAG","2014-07-26T01:16:18.000Z","005U0000000XLdfIAG","2014-07-26T01:16:18.000Z","2014-07-26T01:16:18.000Z"
"012U0000000a8GUIAY","Organization_vod","Organization_vod","","Used to create configuration specific to accounts of this record type.","","Account_Overview_Layout_vod__c","true","false","005U0000000XLdfIAG","2014-07-26T01:16:18.000Z","005U0000000XLdfIAG","2014-07-26T01:16:18.000Z","2014-07-26T01:16:18.000Z"
"012U0000000a8GVIAY","Pharmacy_vod","Pharmacy_vod","","Used to create configuration specific to accounts of this record type.","","Account_Overview_Layout_vod__c","true","false","005U0000000XLdfIAG","2014-07-26T01:16:18.000Z","005U0000000XLdfIAG","2014-07-26T01:16:18.000Z","2014-07-26T01:16:18.000Z"
"012U0000000a8GWIAY","Practice_vod","Practice_vod","","Used to create configuration specific to accounts of this record type.","","Account_Overview_Layout_vod__c","true","false","005U0000000XLdfIAG","2014-07-26T01:16:18.000Z","005U0000000XLdfIAG","2014-07-26T01:16:18.000Z","2014-07-26T01:16:18.000Z"
"012U0000000a8GXIAY","Professional_vod","Professional_vod","","Used to create configuration specific to accounts of this record type.","","Account_Overview_Layout_vod__c","true","false","005U0000000XLdfIAG","2014-07-26T01:16:18.000Z","005U0000000XLdfIAG","2014-07-26T01:16:18.000Z","2014-07-26T01:16:18.000Z"
"012U0000000a8GYIAY","Publication_vod","Publication_vod","","Used to create configuration specific to accounts of this record type.","","Account_Overview_Layout_vod__c","true","false","005U0000000XLdfIAG","2014-07-26T01:16:19.000Z","005U0000000XLdfIAG","2014-07-26T01:16:19.000Z","2014-07-26T01:16:19.000Z"
"012U0000000a8GZIAY","Wholesaler_vod","Wholesaler_vod","","Used to create configuration specific to accounts of this record type.","","Account_Overview_Layout_vod__c","true","false","005U0000000XLdfIAG","2014-07-26T01:16:19.000Z","005U0000000XLdfIAG","2014-07-26T01:16:19.000Z","2014-07-26T01:16:19.000Z"
"012U0000000a8GaIAI","Account_Plan_vod","Account_Plan_vod","","Base record type for Account Plans","","Account_Plan_vod__c","true","false","005U0000000XLdfIAG","2014-07-26T01:16:19.000Z","005U0000000XLdfIAG","2014-07-26T01:16:19.000Z","2014-07-26T01:16:19.000Z"
"012U0000000a8GbIAI","Account_Tactic_vod","Account_Tactic_vod","","Base record type for Account Tactics","","Account_Tactic_vod__c","true","false","005U0000000XLdfIAG","2014-07-26T01:16:20.000Z","005U0000000XLdfIAG","2014-07-26T01:16:20.000Z","2014-07-26T01:16:20.000Z"
"012U0000000a8GcIAI","Account_Team_Member_vod","Account_Team_Member_vod","","Base record type for Account Team Members","","Account_Team_Member_vod__c","true","false","005U0000000XLdfIAG","2014-07-26T01:16:20.000Z","005U0000000XLdfIAG","2014-07-26T01:16:20.000Z","2014-07-26T01:16:20.000Z"
"012U0000000a8GdIAI","Email_Receipt_vod","Email_Receipt_vod","","Indicates that the Approved Document is to be used for Email Receipts.","","Approved_Document_vod__c","true","false","005U0000000XLdfIAG","2014-07-26T01:16:20.000Z","005U0000000XLdfIAG","2014-07-26T01:16:20.000Z","2014-07-26T01:16:20.000Z"
"012U0000000a8GeIAI","Sphere_Of_Influence_vod","Sphere_Of_Influence_vod","","Record type indicating the filter settings are related to the Sphere of Influence","","Bookmark_vod__c","true","false","005U0000000XLdfIAG","2014-07-26T01:16:20.000Z","005U0000000XLdfIAG","2014-07-26T01:16:20.000Z","2014-07-26T01:16:20.000Z"
"012U0000000a8GfIAI","Key_Stakeholder_vod","Key_Stakeholder_vod","","Base record type for Key Stakeholders","","Key_Stakeholder_vod__c","true","false","005U0000000XLdfIAG","2014-07-26T01:16:21.000Z","005U0000000XLdfIAG","2014-07-26T01:16:21.000Z","2014-07-26T01:16:21.000Z"
"012U0000000a8GgIAI","SFDC_Rule_vod","SFDC_Rule_vod","","System record type. Do not modify.","","Rule_Definition_vod__c","true","false","005U0000000XLdfIAG","2014-07-26T01:16:21.000Z","005U0000000XLdfIAG","2014-07-26T01:16:21.000Z","2014-07-26T01:16:21.000Z"
"012U0000000a8GhIAI","SFDC_Rule_Message_Translation_vod","SFDC_Rule_Message_Translation_vod","","System record type. Do not modify.","","Rule_Message_Translation_vod__c","true","false","005U0000000XLdfIAG","2014-07-26T01:16:21.000Z","005U0000000XLdfIAG","2014-07-26T01:16:21.000Z","2014-07-26T01:16:21.000Z"
"012U0000000a8GiIAI","SFDC_Rule_Object_Header_vod","SFDC_Rule_Object_Header_vod","","System record type. Do not modify.","","Rule_Object_Header_vod__c","true","false","005U0000000XLdfIAG","2014-07-26T01:16:21.000Z","005U0000000XLdfIAG","2014-07-26T01:16:21.000Z","2014-07-26T01:16:21.000Z"
"012U0000000a8GjIAI","Email_Receipt_vod","Email_Receipt_vod","","The email is a receipt from a CRM transaction.","","Sent_Email_vod__c","true","false","005U0000000XLdfIAG","2014-07-26T01:16:21.000Z","005U0000000XLdfIAG","2014-07-26T01:16:21.000Z","2014-07-26T01:16:21.000Z"
"012U0000000a8GkIAI","Approved_Email_Unsubscribe_vod","Approved_Email_Unsubscribe_vod","","Record type of those Unsubscribe_Product_vod records that will be used store information about a product to be used for Approved Email Unsubscribe page","","Unsubscribe_Product_vod__c","true","false","005U0000000XLdfIAG","2014-07-26T01:16:22.000Z","005U0000000XLdfIAG","2014-07-26T01:16:22.000Z","2014-07-26T01:16:22.000Z"
"012U0000000a8GlIAI","Approved_Email_Unsubscribe_vod","Approved_Email_Unsubscribe_vod","","Record type of those Unsubscribe_vod records that will be used as a parameter for Aproved Email Unsubscribe page","","Unsubscribe_vod__c","true","false","005U0000000XLdfIAG","2014-07-26T01:16:22.000Z","005U0000000XLdfIAG","2014-07-26T01:16:22.000Z","2014-07-26T01:16:22.000Z"
"012U0000000a98eIAA","MRK_AP_All","MRK_AP_All","","MRK - Enterprise placeholder currently used by all Merck account plan design","","Account_Plan_vod__c","true","false","005U0000000nwrsIAA","2014-08-16T01:10:16.000Z","005U0000000nwrsIAA","2014-08-16T01:10:16.000Z","2014-08-16T01:10:16.000Z"
"012U0000000a98fIAA","MRK_AP_Approved","MRK_AP_Approved","","MRK - account plans with a status of Approved","","Account_Plan_vod__c","true","false","005U0000000nwrsIAA","2014-08-16T01:10:16.000Z","005U0000000nwrsIAA","2014-08-16T01:10:16.000Z","2014-08-16T01:10:16.000Z"
"012U0000000a98gIAA","MRK_AP_Draft","MRK_AP_Draft","","MRK - account plans with a status of Draft","","Account_Plan_vod__c","true","false","005U0000000nwrsIAA","2014-08-16T01:10:16.000Z","005U0000000nwrsIAA","2014-08-16T01:10:16.000Z","2014-08-16T01:10:16.000Z"
"012U0000000a98hIAA","MRK_AP_Submitted","MRK_AP_Submitted","","MRK - account plans with a status of Submitted","","Account_Plan_vod__c","true","false","005U0000000nwrsIAA","2014-08-16T01:10:16.000Z","005U0000000nwrsIAA","2014-08-16T01:10:16.000Z","2014-08-16T01:10:16.000Z"
"012U0000000a98iIAA","MRK_AP_TACTIC","MRK_AP_TACTIC","","MRK - Placeholder Record Type for Tactic Object - Holds all Tactic types for current design","","Account_Tactic_vod__c","true","false","005U0000000nwrsIAA","2014-08-16T01:10:16.000Z","005U0000000nwrsIAA","2014-08-16T01:10:16.000Z","2014-08-16T01:10:16.000Z"
"012U0000000a98jIAA","MRK_AP_TACTIC_APPROVED","MRK_AP_TACTIC_APPROVED","","MRK - tactic having approved status","","Account_Tactic_vod__c","true","false","005U0000000nwrsIAA","2014-08-16T01:10:17.000Z","005U0000000nwrsIAA","2014-08-16T01:10:17.000Z","2014-08-16T01:10:17.000Z"
"012U0000000a98kIAA","MRK_AP_TACTIC_DRAFT","MRK_AP_TACTIC_DRAFT","","MRK - tactic having draft status","","Account_Tactic_vod__c","true","false","005U0000000nwrsIAA","2014-08-16T01:10:17.000Z","005U0000000nwrsIAA","2014-08-16T01:10:17.000Z","2014-08-16T01:10:17.000Z"
"012U0000000a98lIAA","MRK_AP_TACTIC_SUBMITTED","MRK_AP_TACTIC_SUBMITTED","","MRK - tactic having submitted status","","Account_Tactic_vod__c","true","false","005U0000000nwrsIAA","2014-08-16T01:10:17.000Z","005U0000000nwrsIAA","2014-08-16T01:10:17.000Z","2014-08-16T01:10:17.000Z"
"012U0000000a98mIAA","MRK_ALL","MRK_ALL","","MRK - Enterprise placeholder for Alert Profile record type","","Alert_Profile_vod__c","true","false","005U0000000nwrsIAA","2014-08-16T01:10:17.000Z","005U0000000nwrsIAA","2014-08-16T01:10:17.000Z","2014-08-16T01:10:17.000Z"
"012U0000000a98nIAA","MRK_ALL","MRK_ALL","","MRK - Enterprise placeholder for Alert User Action record type","","Alert_User_Action_vod__c","true","false","005U0000000nwrsIAA","2014-08-16T01:10:18.000Z","005U0000000nwrsIAA","2014-08-16T01:10:18.000Z","2014-08-16T01:10:18.000Z"
"012U0000000a98oIAA","MRK_ALL","MRK_ALL","","MRK - Enterprise placeholder for Alert record type","","Alert_vod__c","true","false","005U0000000nwrsIAA","2014-08-16T01:10:18.000Z","005U0000000nwrsIAA","2014-08-16T01:10:18.000Z","2014-08-16T01:10:18.000Z"
"012U0000000a98pIAA","MRK_BDL_ALL","MRK_BDL_ALL","","MRK - The single record type at this time for enterprise placeholder design holds design of all BDL Pages Layouts","","Benefit_Design_Line_vod__c","true","false","005U0000000nwrsIAA","2014-08-16T01:10:18.000Z","005U0000000nwrsIAA","2014-08-16T01:10:18.000Z","2014-08-16T01:10:18.000Z"
"012U0000000a98qIAA","MRK_BD_ALL","MRK_BD_ALL","","MRK - The single record type at this time for enterprise placeholder design","","Benefit_Design_vod__c","true","false","005U0000000nwrsIAA","2014-08-16T01:10:18.000Z","005U0000000nwrsIAA","2014-08-16T01:10:18.000Z","2014-08-16T01:10:18.000Z"
"012U0000000a98rIAA","MRK_CFEC_ALL","MRK_CFEC_ALL","","MRK - The single record type at this time for enterprise placeholder design","","CFE_Coverage_MRK__c","true","false","005U0000000nwrsIAA","2014-08-16T01:10:19.000Z","005U0000000nwrsIAA","2014-08-16T01:10:19.000Z","2014-08-16T01:10:19.000Z"
"012U0000000a98sIAA","MRK_Coaching","MRK_Coaching","","New Record Type 5.0 Release to merge USCO & Vaccines","","Coaching_Report_vod__c","true","false","005U0000000nwrsIAA","2014-08-16T01:10:19.000Z","005U0000000nwrsIAA","2014-08-16T01:10:19.000Z","2014-08-16T01:10:19.000Z"
"012U0000000a98tIAA","MRK_FP_ALL","MRK_FP_ALL","","MRK - The single record type at this time for enterprise placeholder design holds design of all FP Pages Layouts","","Formulary_Products_vod__c","true","false","005U0000000nwrsIAA","2014-08-16T01:10:20.000Z","005U0000000nwrsIAA","2014-08-16T01:10:20.000Z","2014-08-16T01:10:20.000Z"
"012U0000000a98uIAA","MRK_Alignment_History","MRK_Alignment_History","","MRK - The single record type at this time for enterprise placeholder design","","GAS_Alignment_History_vts__c","true","false","005U0000000nwrsIAA","2014-08-16T01:10:20.000Z","005U0000000nwrsIAA","2014-08-16T01:10:20.000Z","2014-08-16T01:10:20.000Z"
"012U0000000a98vIAA","MRK_AP_GOAL","MRK_AP_GOAL","","MRK - Placeholder Record Type for Goal Object - Holds all Goal types for current design","","Goal_Opportunity_MRK__c","true","false","005U0000000nwrsIAA","2014-08-16T01:10:20.000Z","005U0000000nwrsIAA","2014-08-16T01:10:20.000Z","2014-08-16T01:10:20.000Z"
"012U0000000a98wIAA","MRK_AP_GOAL_APPROVED","MRK_AP_GOAL_APPROVED","","MRK - goal having approved status","","Goal_Opportunity_MRK__c","true","false","005U0000000nwrsIAA","2014-08-16T01:10:20.000Z","005U0000000nwrsIAA","2014-08-16T01:10:20.000Z","2014-08-16T01:10:20.000Z"
"012U0000000a98xIAA","MRK_AP_GOAL_DRAFT","MRK_AP_GOAL_DRAFT","","MRK - goal having draft status","","Goal_Opportunity_MRK__c","true","false","005U0000000nwrsIAA","2014-08-16T01:10:20.000Z","005U0000000nwrsIAA","2014-08-16T01:10:20.000Z","2014-08-16T01:10:20.000Z"
"012U0000000a98yIAA","MRK_AP_GOAL_SUBMITTED","MRK_AP_GOAL_SUBMITTED","","MRK - goal having submitted status","","Goal_Opportunity_MRK__c","true","false","005U0000000nwrsIAA","2014-08-16T01:10:21.000Z","005U0000000nwrsIAA","2014-08-16T01:10:21.000Z","2014-08-16T01:10:21.000Z"
"012U0000000a98zIAA","MRK_AP_OBJECTIVE","MRK_AP_OBJECTIVE","","MRK - Placeholder Record Type for Objective Object - Holds all Objective types for current design","","Objective_MRK__c","true","false","005U0000000nwrsIAA","2014-08-16T01:10:21.000Z","005U0000000nwrsIAA","2014-08-16T01:10:21.000Z","2014-08-16T01:10:21.000Z"
"012U0000000a990IAA","MRK_AP_OBJECTIVE_APPROVED","MRK_AP_OBJECTIVE_APPROVED","","MRK - objective having an approved status","","Objective_MRK__c","true","false","005U0000000nwrsIAA","2014-08-16T01:10:21.000Z","005U0000000nwrsIAA","2014-08-16T01:10:21.000Z","2014-08-16T01:10:21.000Z"
"012U0000000a991IAA","MRK_AP_OBJECTIVE_DRAFT","MRK_AP_OBJECTIVE_DRAFT","","MRK - objectives in a draft status","","Objective_MRK__c","true","false","005U0000000nwrsIAA","2014-08-16T01:10:21.000Z","005U0000000nwrsIAA","2014-08-16T01:10:21.000Z","2014-08-16T01:10:21.000Z"
"012U0000000a992IAA","MRK_AP_OBJECTIVE_SUBMITTED","MRK_AP_OBJECTIVE_SUBMITTED","","MRK - objective having a submitted status","","Objective_MRK__c","true","false","005U0000000nwrsIAA","2014-08-16T01:10:22.000Z","005U0000000nwrsIAA","2014-08-16T01:10:22.000Z","2014-08-16T01:10:22.000Z"
"012U0000000a993IAA","MRK_Product","MRK_Product","","MRK - Enterprise placeholder for Product Catalog record type","","Product_vod__c","true","false","005U0000000nwrsIAA","2014-08-16T01:10:58.000Z","005U0000000nwrsIAA","2014-08-16T01:10:58.000Z","2014-08-16T01:10:58.000Z"
"012U0000000a994IAA","MRK_RULE_PROFILE_OVERRIDE","MRK_RULE_PROFILE_OVERRIDE","","KRB - 3/13/2014 - Record Type for Profile Overrides on the RULE Object","","Rule_MRK__c","true","false","005U0000000nwrsIAA","2014-08-16T01:10:58.000Z","005U0000000nwrsIAA","2014-08-16T01:10:58.000Z","2014-08-16T01:10:58.000Z"
"012U0000000a995IAA","MRK_Sales_Team_Products","MRK_Sales_Team_Products","","MRK - The single record type at this time for enterprise placeholder design","","Sales_Team_Product_MRK__c","true","false","005U0000000nwrsIAA","2014-08-16T01:10:59.000Z","005U0000000nwrsIAA","2014-08-16T01:10:59.000Z","2014-08-16T01:10:59.000Z"
"012U0000000a996IAA","MRK_UAR_AR","MRK_UAR_AR","","MRK - Used to hold and manage all Alignment Requests from GAS when requested by a CFE","","Update_Account_Request_MRK__c","true","false","005U0000000nwrsIAA","2014-08-16T01:10:59.000Z","005U0000000nwrsIAA","2014-08-16T01:10:59.000Z","2014-08-16T01:10:59.000Z"
"012U0000000a997IAA","Merck_Shared_Records_MRK","Merck_Shared_Records_MRK","","KRB - 12/9/2013 - Merck Shared Visibility Rule Records","","Visibility_Rule_Record_MRK__c","true","false","005U0000000nwrsIAA","2014-08-16T01:10:59.000Z","005U0000000nwrsIAA","2014-08-16T01:10:59.000Z","2014-08-16T01:10:59.000Z"
"012g00000004dSMAAY","CollaborativeRelationship_vod","CollaborativeRelationship_vod","","Defines a relationship between a midlevel practitioner and a supervising phyisician.","","Account_Authorization_vod__c","true","false","005U0000000XLdfIAG","2014-11-07T00:19:39.000Z","005U0000000XLdfIAG","2014-11-07T00:19:39.000Z","2014-11-07T00:19:39.000Z"
"012g00000004dSNAAY","Cobrowse_vod","Cobrowse_vod","","Used for records created by CoBrowse","","Account_External_ID_Map_vod__c","false","false","005U0000000XLdfIAG","2014-11-07T00:19:41.000Z","005U0000000XLdfIAG","2014-11-07T00:19:42.000Z","2014-11-07T00:19:42.000Z"
"012g00000004dSOAAY","CLM","CLM_vod","","Used for Call Objectives that launch CLM Presentations","","Call_Objective_vod__c","false","false","005U0000000XLdfIAG","2014-11-07T00:19:42.000Z","005U0000000XLdfIAG","2014-11-07T00:19:42.000Z","2014-11-07T00:19:42.000Z"
"012g00000004dSPAAY","Inventory Monitoring","Inventory_Monitoring_vod","","Base record type for Inventory Monitoring Lines","","Inventory_Monitoring_Line_vod__c","false","false","005U0000000XLdfIAG","2014-11-07T00:19:42.000Z","005U0000000XLdfIAG","2014-11-07T00:19:42.000Z","2014-11-07T00:19:42.000Z"
"012g00000004dSQAAY","Inventory Monitoring","Inventory_Monitoring_vod","","Base record type for Inventory Monitoring Header","","Inventory_Monitoring_vod__c","false","false","005U0000000XLdfIAG","2014-11-07T00:19:42.000Z","005U0000000XLdfIAG","2014-11-07T00:19:42.000Z","2014-11-07T00:19:42.000Z"
"012g00000004dSRAAY","Cobrowse_vod","Cobrowse_vod","","Used for records created by CoBrowse","","Multichannel_Activity_Line_vod__c","true","false","005U0000000XLdfIAG","2014-11-07T00:19:42.000Z","005U0000000XLdfIAG","2014-11-07T00:19:42.000Z","2014-11-07T00:19:42.000Z"
"012g00000004dSSAAY","Cobrowse_vod","Cobrowse_vod","","Used for records created by CoBrowse","","Multichannel_Activity_vod__c","true","false","005U0000000XLdfIAG","2014-11-07T00:19:42.000Z","005U0000000XLdfIAG","2014-11-07T00:19:42.000Z","2014-11-07T00:19:42.000Z"
"012g00000004dSTAAY","Approved_Email_Action_vod","Approved_Email_Action_vod","","Record type of those Multichannel_Message_vod records used as a parameter for Approved Email Actions.","","Multichannel_Message_vod__c","true","false","005U0000000XLdfIAG","2014-11-07T00:19:42.000Z","005U0000000XLdfIAG","2014-11-07T00:19:42.000Z","2014-11-07T00:19:42.000Z"
"012g00000004dSUAAY","Email_Receipt_vod","Email_Receipt_vod","","Routing records for Approved Email receipts","","Multichannel_Route_vod__c","true","false","005U0000000XLdfIAG","2014-11-07T00:19:43.000Z","005U0000000XLdfIAG","2014-11-07T00:19:43.000Z","2014-11-07T00:19:43.000Z"
"012g00000004dSVAAY","Adjustment_vod","Adjustment_vod","","The Adjustment Record Type provides the ability to report destroyed, stolen, or expired Sample Order Transactions","","Sample_Order_Transaction_vod__c","true","false","005U0000000XLdfIAG","2014-11-07T00:19:43.000Z","005U0000000XLdfIAG","2014-11-07T00:19:43.000Z","2014-11-07T00:19:43.000Z"
"012g00000004dSWAAY","Receipt_vod","Receipt_vod","","The Receipt Record Type provides the ability to receive Samples either from another user or from a fullfillment center.","","Sample_Order_Transaction_vod__c","true","false","005U0000000XLdfIAG","2014-11-07T00:19:43.000Z","005U0000000XLdfIAG","2014-11-07T00:19:43.000Z","2014-11-07T00:19:43.000Z"
"012g00000004dSXAAY","Transfer_vod","Transfer_vod","","The Transfer Record Type provides the ability to transfer Samples to another user.","","Sample_Order_Transaction_vod__c","true","false","005U0000000XLdfIAG","2014-11-07T00:19:43.000Z","005U0000000XLdfIAG","2014-11-07T00:19:43.000Z","2014-11-07T00:19:43.000Z"
"012g00000004dSYAAY","Sent_Fragment_vod","Sent_Fragment_vodSent_Fragment_vod","","Record type for Sent_Fragment_vod records that show which fragment that was sent with the Sent Email","","Sent_Fragment_vod__c","true","false","005U0000000XLdfIAG","2014-11-07T00:19:44.000Z","005U0000000XLdfIAG","2014-11-07T00:19:44.000Z","2014-11-07T00:19:44.000Z"
"012g00000004dSZAAY","User_Detail_vod","User_DetailUser_Detail_vod_vod","","Record type for User_Detail_vod records that hold the basic contact information and photo for a User","","User_Detail_vod__c","true","false","005U0000000XLdfIAG","2014-11-07T00:19:44.000Z","005U0000000XLdfIAG","2014-11-07T00:19:44.000Z","2014-11-07T00:19:44.000Z"
