"ID","OWNERID","ISDELETED","NAME","CREATEDDATE","CREATEDBYID","LASTMODIFIEDDATE","LASTMODIFIEDBYID","SYSTEMMODSTAMP","MAYEDIT","ISLOCKED","LASTVIEWEDDATE","LASTREFERENCEDDATE","ACTIVE_MRK__C","SALES_TEAM_CODE_MRK__C"
"a3OU0000000N4ZvMAK","005U0000000YGi8IAG","false","PR CZ Cardiovascular 6-PRCZCRD6","2014-08-16T14:38:25.000Z","005U0000000YGi8IAG","2014-08-16T14:38:25.000Z","005U0000000YGi8IAG","2014-08-16T14:38:25.000Z","true","false","","","true","290"
"a3OU0000000N4ZwMAK","005U0000000YGi8IAG","false","PR CZ Combination 1-PRCZCMB1","2014-08-16T14:38:25.000Z","005U0000000YGi8IAG","2014-08-16T14:38:25.000Z","005U0000000YGi8IAG","2014-08-16T14:38:25.000Z","true","false","","","true","291"
"a3OU0000000N4ZxMAK","005U0000000YGi8IAG","false","PR CZ Combination 2-PRCZCMB2","2014-08-16T14:38:25.000Z","005U0000000YGi8IAG","2014-08-16T14:38:25.000Z","005U0000000YGi8IAG","2014-08-16T14:38:25.000Z","true","false","","","true","292"
"a3OU0000000N4ZyMAK","005U0000000YGi8IAG","false","PR CZ Musculoskeletal 1-PRCZMSC1","2014-08-16T14:38:25.000Z","005U0000000YGi8IAG","2014-08-16T14:38:25.000Z","005U0000000YGi8IAG","2014-08-16T14:38:25.000Z","true","false","","","true","293"
"a3OU0000000N4ZzMAK","005U0000000YGi8IAG","false","PR CZ Musculoskeletal 2-PRCZMSC2","2014-08-16T14:38:25.000Z","005U0000000YGi8IAG","2014-08-16T14:38:25.000Z","005U0000000YGi8IAG","2014-08-16T14:38:25.000Z","true","false","","","true","294"
"a3OU0000000N4a0MAC","005U0000000YGi8IAG","false","PR CZ Musculoskeletal 3-PRCZMSC3","2014-08-16T14:38:25.000Z","005U0000000YGi8IAG","2014-08-16T14:38:25.000Z","005U0000000YGi8IAG","2014-08-16T14:38:25.000Z","true","false","","","true","295"
"a3OU0000000N4a1MAC","005U0000000YGi8IAG","false","PR CZ Musculoskeletal 4-PRCZMSC4","2014-08-16T14:38:25.000Z","005U0000000YGi8IAG","2014-08-16T14:38:25.000Z","005U0000000YGi8IAG","2014-08-16T14:38:25.000Z","true","false","","","true","296"
"a3OU0000000N4a2MAC","005U0000000YGi8IAG","false","PR CZ Musculoskeletal 5-PRCZMSC5","2014-08-16T14:38:25.000Z","005U0000000YGi8IAG","2014-08-16T14:38:25.000Z","005U0000000YGi8IAG","2014-08-16T14:38:25.000Z","true","false","","","true","297"
"a3OU0000000N4a3MAC","005U0000000YGi8IAG","false","PR CZ Musculoskeletal 6-PRCZMSC6","2014-08-16T14:38:25.000Z","005U0000000YGi8IAG","2014-08-16T14:38:25.000Z","005U0000000YGi8IAG","2014-08-16T14:38:25.000Z","true","false","","","true","298"
"a3OU0000000N4a4MAC","005U0000000YGi8IAG","false","PR CZ Respiratory 1-PRCZRSP1","2014-08-16T14:38:25.000Z","005U0000000YGi8IAG","2014-08-16T14:38:25.000Z","005U0000000YGi8IAG","2014-08-16T14:38:25.000Z","true","false","","","true","299"
"a3OU0000000N4a5MAC","005U0000000YGi8IAG","false","PR CZ Respiratory 2-PRCZRSP2","2014-08-16T14:38:25.000Z","005U0000000YGi8IAG","2014-08-16T14:38:25.000Z","005U0000000YGi8IAG","2014-08-16T14:38:25.000Z","true","false","","","true","300"
"a3OU0000000N4a6MAC","005U0000000YGi8IAG","false","PR CZ Key Account 1-PRCZKA1","2014-08-16T14:38:25.000Z","005U0000000YGi8IAG","2014-08-16T14:38:25.000Z","005U0000000YGi8IAG","2014-08-16T14:38:25.000Z","true","false","","","true","301"
"a3OU0000000N4a7MAC","005U0000000YGi8IAG","false","PR CZ Key Account 2-PRCZKA2","2014-08-16T14:38:25.000Z","005U0000000YGi8IAG","2014-08-16T14:38:25.000Z","005U0000000YGi8IAG","2014-08-16T14:38:25.000Z","true","false","","","true","302"
"a3OU0000000N4a8MAC","005U0000000YGi8IAG","false","Puerto Rico CV Primary Care Phys-PRPCPCV","2014-08-16T14:38:25.000Z","005U0000000YGi8IAG","2014-08-16T14:38:25.000Z","005U0000000YGi8IAG","2014-08-16T14:38:25.000Z","true","false","","","true","319"
"a3OU0000000N4a9MAC","005U0000000YGi8IAG","false","Puerto Rico MS/Resp Prmry Care Phys-PRPCPMRS","2014-08-16T14:38:25.000Z","005U0000000YGi8IAG","2014-08-16T14:38:25.000Z","005U0000000YGi8IAG","2014-08-16T14:38:25.000Z","true","false","","","true","320"
"a3OU0000000N4aAMAS","005U0000000YGi8IAG","false","Puerto Rico HSA Vaccines-PRHSAVAC","2014-08-16T14:38:25.000Z","005U0000000YGi8IAG","2014-08-16T14:38:25.000Z","005U0000000YGi8IAG","2014-08-16T14:38:25.000Z","true","false","","","true","321"
"a3OU0000000N4aBMAS","005U0000000YGi8IAG","false","National Business Group Prmry Care-NATLBGPC","2014-08-16T14:38:25.000Z","005U0000000YGi8IAG","2014-08-16T14:38:25.000Z","005U0000000YGi8IAG","2014-08-16T14:38:25.000Z","true","false","","","true","326"
"a3OU0000000N4aCMAS","005U0000000YGi8IAG","false","Puerto Rico All Products-PRALLP","2014-08-16T14:38:25.000Z","005U0000000YGi8IAG","2014-08-16T14:38:25.000Z","005U0000000YGi8IAG","2014-08-16T14:38:25.000Z","true","false","","","true","328"
"a3OU0000000N4aDMAS","005U0000000YGi8IAG","false","Puerto Rico HIV Key Acct Mgr-PRHIVKAM","2014-08-16T14:38:25.000Z","005U0000000YGi8IAG","2014-08-16T14:38:25.000Z","005U0000000YGi8IAG","2014-08-16T14:38:25.000Z","true","false","","","true","330"
"a3OU0000000N4aEMAS","005U0000000YGi8IAG","false","Puerto Rico CV Key Acct Mgr-PRCVKAM","2014-08-16T14:38:25.000Z","005U0000000YGi8IAG","2014-08-16T14:38:25.000Z","005U0000000YGi8IAG","2014-08-16T14:38:25.000Z","true","false","","","true","331"
"a3OU0000000N4aFMAS","005U0000000YGi8IAG","false","Puerto Rico Inst. Key Acct Mgr-PRINSTKM","2014-08-16T14:38:25.000Z","005U0000000YGi8IAG","2014-08-16T14:38:25.000Z","005U0000000YGi8IAG","2014-08-16T14:38:25.000Z","true","false","","","true","332"
"a3OU0000000N4aGMAS","005U0000000YGi8IAG","false","Pharmacy/LTC-PHRM/LTC","2014-08-16T14:38:25.000Z","005U0000000YGi8IAG","2014-08-16T14:38:25.000Z","005U0000000YGi8IAG","2014-08-16T14:38:25.000Z","true","false","","","true","333"
"a3OU0000000N4aHMAS","005U0000000YGi8IAG","false","KAISER SPECIALTY2 REP-KSRSP2","2014-08-16T14:38:25.000Z","005U0000000YGi8IAG","2014-08-16T14:38:25.000Z","005U0000000YGi8IAG","2014-08-16T14:38:25.000Z","true","false","","","true","336"
"a3OU0000000N4aIMAS","005U0000000YGi8IAG","false","Puerto Rico New & Specialty-PR-NS","2014-08-16T14:38:25.000Z","005U0000000YGi8IAG","2014-08-16T14:38:25.000Z","005U0000000YGi8IAG","2014-08-16T14:38:25.000Z","true","false","","","true","339"
"a3OU0000000N4aJMAS","005U0000000YGi8IAG","false","Puerto Rico Joint Venture-PR-JV","2014-08-16T14:38:25.000Z","005U0000000YGi8IAG","2014-08-16T14:38:25.000Z","005U0000000YGi8IAG","2014-08-16T14:38:25.000Z","true","false","","","true","340"
"a3OU0000000N4aKMAS","005U0000000YGi8IAG","false","Puerto Rico Vytorin Specialist-PRVYTSPC","2014-08-16T14:38:25.000Z","005U0000000YGi8IAG","2014-08-16T14:38:25.000Z","005U0000000YGi8IAG","2014-08-16T14:38:25.000Z","true","false","","","true","357"
"a3OU0000000N4aLMAS","005U0000000YGi8IAG","false","KAISER CARDIOVASCULAR REP2-KSRCV2","2014-08-16T14:38:25.000Z","005U0000000YGi8IAG","2014-08-16T14:38:25.000Z","005U0000000YGi8IAG","2014-08-16T14:38:25.000Z","true","false","","","true","358"
"a3OU0000000N4aMMAS","005U0000000YGi8IAG","false","ONCOLOGY REIMBURSEMENT SPECIALIST-ONCOL-RS","2014-08-16T14:38:25.000Z","005U0000000YGi8IAG","2014-08-16T14:38:25.000Z","005U0000000YGi8IAG","2014-08-16T14:38:25.000Z","true","false","","","true","369"
"a3OU0000000N4aNMAS","005U0000000YGi8IAG","false","Health Science Insomnia-HSSINS","2014-08-16T14:38:25.000Z","005U0000000YGi8IAG","2014-08-16T14:38:25.000Z","005U0000000YGi8IAG","2014-08-16T14:38:25.000Z","true","false","","","true","371"
"a3OU0000000N4aOMAS","005U0000000YGi8IAG","false","National Business Group TLRX-NBGTLRX","2014-08-16T14:38:25.000Z","005U0000000YGi8IAG","2014-08-16T14:38:25.000Z","005U0000000YGi8IAG","2014-08-16T14:38:25.000Z","true","false","","","true","372"
"a3OU0000000N4aPMAS","005U0000000YGi8IAG","false","National Business Group - WHC-NATLBSP2","2014-08-16T14:38:25.000Z","005U0000000YGi8IAG","2014-08-16T14:38:25.000Z","005U0000000YGi8IAG","2014-08-16T14:38:25.000Z","true","false","","","true","379"
"a3OU0000000N4aQMAS","005U0000000YGi8IAG","false","Medical Group Acct Manager-MGAM","2014-08-16T14:38:25.000Z","005U0000000YGi8IAG","2014-08-16T14:38:25.000Z","005U0000000YGi8IAG","2014-08-16T14:38:25.000Z","true","false","","","true","382"
"a3OU0000000N4aRMAS","005U0000000YGi8IAG","false","Solutions Consultant-SOLUTION","2014-08-16T14:38:25.000Z","005U0000000YGi8IAG","2014-08-16T14:38:25.000Z","005U0000000YGi8IAG","2014-08-16T14:38:25.000Z","true","false","","","true","383"
"a3OU0000000N4aSMAS","005U0000000YGi8IAG","false","Puerto Rico Metabolic 1 Rep-PRMET 1","2014-08-16T14:38:25.000Z","005U0000000YGi8IAG","2014-08-16T14:38:25.000Z","005U0000000YGi8IAG","2014-08-16T14:38:25.000Z","true","false","","","true","384"
"a3OU0000000N4aTMAS","005U0000000YGi8IAG","false","Puerto Rico Metabolic 2 Rep-PRMET 2","2014-08-16T14:38:25.000Z","005U0000000YGi8IAG","2014-08-16T14:38:25.000Z","005U0000000YGi8IAG","2014-08-16T14:38:25.000Z","true","false","","","true","385"
"a3OU0000000N4aUMAS","005U0000000YGi8IAG","false","Puerto Rico HIV-ONC Rep-PRHIVONC","2014-08-16T14:38:25.000Z","005U0000000YGi8IAG","2014-08-16T14:38:25.000Z","005U0000000YGi8IAG","2014-08-16T14:38:25.000Z","true","false","","","true","386"
"a3OU0000000N4aVMAS","005U0000000YGi8IAG","false","Puerto Rico Respiratory JV-PRRESPJV","2014-08-16T14:38:25.000Z","005U0000000YGi8IAG","2014-08-16T14:38:25.000Z","005U0000000YGi8IAG","2014-08-16T14:38:25.000Z","true","false","","","true","387"
"a3OU0000000N4aWMAS","005U0000000YGi8IAG","false","Puerto Rico Respiratory JV Spec-PRJVSPC","2014-08-16T14:38:25.000Z","005U0000000YGi8IAG","2014-08-16T14:38:25.000Z","005U0000000YGi8IAG","2014-08-16T14:38:25.000Z","true","false","","","true","388"
"a3OU0000000N4aXMAS","005U0000000YGi8IAG","false","Puerto Rico Metabolic Spec-PRMETSPC","2014-08-16T14:38:25.000Z","005U0000000YGi8IAG","2014-08-16T14:38:25.000Z","005U0000000YGi8IAG","2014-08-16T14:38:25.000Z","true","false","","","true","391"
"a3OU0000000N4aYMAS","005U0000000YGi8IAG","false","Puerto Rico HSA Metabolic-PRHSAMET","2014-08-16T14:38:25.000Z","005U0000000YGi8IAG","2014-08-16T14:38:25.000Z","005U0000000YGi8IAG","2014-08-16T14:38:25.000Z","true","false","","","true","392"
"a3OU0000000N4aZMAS","005U0000000YGi8IAG","false","Puerto Rico HSA Cholesterol-PRHSACHO","2014-08-16T14:38:25.000Z","005U0000000YGi8IAG","2014-08-16T14:38:25.000Z","005U0000000YGi8IAG","2014-08-16T14:38:25.000Z","true","false","","","true","393"
"a3OU0000000N4aaMAC","005U0000000YGi8IAG","false","Puerto Rico HSA Joint Venture-PRHSAJV","2014-08-16T14:38:25.000Z","005U0000000YGi8IAG","2014-08-16T14:38:25.000Z","005U0000000YGi8IAG","2014-08-16T14:38:25.000Z","true","false","","","true","394"
"a3OU0000000N4abMAC","005U0000000YGi8IAG","false","NCM Portfolio 2 Team C-NCMPORT2","2014-08-16T14:38:25.000Z","005U0000000YGi8IAG","2014-08-16T14:38:25.000Z","005U0000000YGi8IAG","2014-08-16T14:38:25.000Z","true","false","","","true","397"
"a3OU0000000N4acMAC","005U0000000YGi8IAG","false","NCM Portfolio 1 Team A-NCMPORT1","2014-08-16T14:38:25.000Z","005U0000000YGi8IAG","2014-08-16T14:38:25.000Z","005U0000000YGi8IAG","2014-08-16T14:38:25.000Z","true","false","","","true","398"
"a3OU0000000N4adMAC","005U0000000YGi8IAG","false","NCM CV Disease Focus-NCMDFCSR","2014-08-16T14:38:25.000Z","005U0000000YGi8IAG","2014-08-16T14:38:25.000Z","005U0000000YGi8IAG","2014-08-16T14:38:25.000Z","true","false","","","true","400"
"a3OU0000000N4aeMAC","005U0000000YGi8IAG","false","National Business Group-PC OUTBOUND-NATLBNCM","2014-08-16T14:38:25.000Z","005U0000000YGi8IAG","2014-08-16T14:38:25.000Z","005U0000000YGi8IAG","2014-08-16T14:38:25.000Z","true","false","","","true","402"
"a3OU0000000N4afMAC","005U0000000YGi8IAG","false","NCM District-NCMDIST","2014-08-16T14:38:25.000Z","005U0000000YGi8IAG","2014-08-16T14:38:25.000Z","005U0000000YGi8IAG","2014-08-16T14:38:25.000Z","true","false","","","true","403"
"a3OU0000000N4agMAC","005U0000000YGi8IAG","false","Medicaid NAEs-MEDNAE","2014-08-16T14:38:25.000Z","005U0000000YGi8IAG","2014-08-16T14:38:25.000Z","005U0000000YGi8IAG","2014-08-16T14:38:25.000Z","true","false","","","true","405"
"a3OU0000000N4ahMAC","005U0000000YGi8IAG","false","MVD Full Portfolio Vac Sales Team-MVD1UP","2014-08-16T14:38:25.000Z","005U0000000YGi8IAG","2014-08-16T14:38:25.000Z","005U0000000YGi8IAG","2014-08-16T14:38:25.000Z","true","false","","","true","407"
"a3OU0000000N4aiMAC","005U0000000YGi8IAG","false","HIV Community Liaison-HIVCOMLN","2014-08-16T14:38:25.000Z","005U0000000YGi8IAG","2014-08-16T14:38:25.000Z","005U0000000YGi8IAG","2014-08-16T14:38:25.000Z","true","false","","","true","417"
"a3OU0000000N4ajMAC","005U0000000YGi8IAG","false","NCM Portfolio 1 Team D-NCMMSPCR","2014-08-16T14:38:25.000Z","005U0000000YGi8IAG","2014-08-16T14:38:25.000Z","005U0000000YGi8IAG","2014-08-16T14:38:25.000Z","true","false","","","true","420"
"a3OU0000000N4akMAC","005U0000000YGi8IAG","false","National Business Group - SERVICE-NATLNCM2","2014-08-16T14:38:25.000Z","005U0000000YGi8IAG","2014-08-16T14:38:25.000Z","005U0000000YGi8IAG","2014-08-16T14:38:25.000Z","true","false","","","true","421"
"a3OU0000000N4alMAC","005U0000000YGi8IAG","false","National Business Group - HIV-NATLBSP3","2014-08-16T14:38:25.000Z","005U0000000YGi8IAG","2014-08-16T14:38:25.000Z","005U0000000YGi8IAG","2014-08-16T14:38:25.000Z","true","false","","","true","422"
"a3OU0000000N4amMAC","005U0000000YGi8IAG","false","NCM Hospital Portfolio2-NCMHSPP2","2014-08-16T14:38:25.000Z","005U0000000YGi8IAG","2014-08-16T14:38:25.000Z","005U0000000YGi8IAG","2014-08-16T14:38:25.000Z","true","false","","","true","424"
"a3OU0000000N4anMAC","005U0000000YGi8IAG","false","NCM District 2-NCMDIST2","2014-08-16T14:38:25.000Z","005U0000000YGi8IAG","2014-08-16T14:38:25.000Z","005U0000000YGi8IAG","2014-08-16T14:38:25.000Z","true","false","","","true","443"
"a3OU0000000N4aoMAC","005U0000000YGi8IAG","false","NCM Portfolio 2 Team E-NCMMSCR2","2014-08-16T14:38:25.000Z","005U0000000YGi8IAG","2014-08-16T14:38:25.000Z","005U0000000YGi8IAG","2014-08-16T14:38:25.000Z","true","false","","","true","444"
"a3OU0000000N4apMAC","005U0000000YGi8IAG","false","NCM Hospital Portfolio1-NCMHSPPA","2014-08-16T14:38:25.000Z","005U0000000YGi8IAG","2014-08-16T14:38:25.000Z","005U0000000YGi8IAG","2014-08-16T14:38:25.000Z","true","false","","","true","447"
"a3OU0000000N4aqMAC","005U0000000YGi8IAG","false","NCM Hospital Coronary-NCMHSPC","2014-08-16T14:38:25.000Z","005U0000000YGi8IAG","2014-08-16T14:38:25.000Z","005U0000000YGi8IAG","2014-08-16T14:38:25.000Z","true","false","","","true","448"
"a3OU0000000N4arMAC","005U0000000YGi8IAG","false","NCM Portfolio 1 Inventiv Team A-NCTPRT1I","2014-08-16T14:38:25.000Z","005U0000000YGi8IAG","2014-08-16T14:38:25.000Z","005U0000000YGi8IAG","2014-08-16T14:38:25.000Z","true","false","","","true","453"
"a3OU0000000N4asMAC","005U0000000YGi8IAG","false","NCM Portfolio 2 Inventiv Team C-NCTPRT2I","2014-08-16T14:38:28.000Z","005U0000000YGi8IAG","2014-08-16T14:38:28.000Z","005U0000000YGi8IAG","2014-08-16T14:38:28.000Z","true","false","","","true","454"
"a3OU0000000N4atMAC","005U0000000YGi8IAG","false","Women's Health-OBGYN Sales Force1-WHOBGYN1","2014-08-16T14:38:28.000Z","005U0000000YGi8IAG","2014-08-16T14:38:28.000Z","005U0000000YGi8IAG","2014-08-16T14:38:28.000Z","true","false","","","true","455"
"a3OU0000000N4auMAC","005U0000000YGi8IAG","false","Fertility Sales Force-NCMFERT","2014-08-16T14:38:28.000Z","005U0000000YGi8IAG","2014-08-16T14:38:28.000Z","005U0000000YGi8IAG","2014-08-16T14:38:28.000Z","true","false","","","true","457"
"a3OU0000000N4avMAC","005U0000000YGi8IAG","false","HCV Virology Specialist-HCVSPEC","2014-08-16T14:38:28.000Z","005U0000000YGi8IAG","2014-08-16T14:38:28.000Z","005U0000000YGi8IAG","2014-08-16T14:38:28.000Z","true","false","","","true","458"
"a3OU0000000N4awMAC","005U0000000YGi8IAG","false","NEUROSCIENCE SALES FORCE-NCMPSY","2014-08-16T14:38:28.000Z","005U0000000YGi8IAG","2014-08-16T14:38:28.000Z","005U0000000YGi8IAG","2014-08-16T14:38:28.000Z","true","false","","","true","459"
"a3OU0000000N4axMAC","005U0000000YGi8IAG","false","Puerto Rico Customer Relations B-PRCRMB","2014-08-16T14:38:28.000Z","005U0000000YGi8IAG","2014-08-16T14:38:28.000Z","005U0000000YGi8IAG","2014-08-16T14:38:28.000Z","true","false","","","true","464"
"a3OU0000000N4ayMAC","005U0000000YGi8IAG","false","Puerto Rico Customer Relations C-PRCRMC","2014-08-16T14:38:28.000Z","005U0000000YGi8IAG","2014-08-16T14:38:28.000Z","005U0000000YGi8IAG","2014-08-16T14:38:28.000Z","true","false","","","true","465"
"a3OU0000000N4azMAC","005U0000000YGi8IAG","false","Puerto Rico Customer Relations D-PRCRMD","2014-08-16T14:38:28.000Z","005U0000000YGi8IAG","2014-08-16T14:38:28.000Z","005U0000000YGi8IAG","2014-08-16T14:38:28.000Z","true","false","","","true","466"
"a3OU0000000N4b0MAC","005U0000000YGi8IAG","false","Puerto Rico Health Science CNS-PRHSACNS","2014-08-16T14:38:28.000Z","005U0000000YGi8IAG","2014-08-16T14:38:28.000Z","005U0000000YGi8IAG","2014-08-16T14:38:28.000Z","true","false","","","true","467"
"a3OU0000000N4b1MAC","005U0000000YGi8IAG","false","Puerto Rico Customer Relations A-PRCRMA","2014-08-16T14:38:28.000Z","005U0000000YGi8IAG","2014-08-16T14:38:28.000Z","005U0000000YGi8IAG","2014-08-16T14:38:28.000Z","true","false","","","true","468"
"a3OU0000000N4b2MAC","005U0000000YGi8IAG","false","Puerto Rico Central Nervous System-PRCNS","2014-08-16T14:38:28.000Z","005U0000000YGi8IAG","2014-08-16T14:38:28.000Z","005U0000000YGi8IAG","2014-08-16T14:38:28.000Z","true","false","","","true","469"
"a3OU0000000N4b3MAC","005U0000000YGi8IAG","false","Puerto Rico Oncology A-PRONCOA","2014-08-16T14:38:28.000Z","005U0000000YGi8IAG","2014-08-16T14:38:28.000Z","005U0000000YGi8IAG","2014-08-16T14:38:28.000Z","true","false","","","true","470"
"a3OU0000000N4b4MAC","005U0000000YGi8IAG","false","Puerto Rico HIV Hepatitis C-PRHIVHEP","2014-08-16T14:38:28.000Z","005U0000000YGi8IAG","2014-08-16T14:38:28.000Z","005U0000000YGi8IAG","2014-08-16T14:38:28.000Z","true","false","","","true","471"
"a3OU0000000N4b5MAC","005U0000000YGi8IAG","false","Puerto Rico Inst Women Health-PRINSWH","2014-08-16T14:38:28.000Z","005U0000000YGi8IAG","2014-08-16T14:38:28.000Z","005U0000000YGi8IAG","2014-08-16T14:38:28.000Z","true","false","","","true","472"
"a3OU0000000N4b6MAC","005U0000000YGi8IAG","false","Puerto Rico Women Health-PRWH","2014-08-16T14:38:28.000Z","005U0000000YGi8IAG","2014-08-16T14:38:28.000Z","005U0000000YGi8IAG","2014-08-16T14:38:28.000Z","true","false","","","true","473"
"a3OU0000000N4b7MAC","005U0000000YGi8IAG","false","Puerto Rico Acute Coronary Syndrome-PRACS","2014-08-16T14:38:28.000Z","005U0000000YGi8IAG","2014-08-16T14:38:28.000Z","005U0000000YGi8IAG","2014-08-16T14:38:28.000Z","true","false","","","true","474"
"a3OU0000000N4b8MAC","005U0000000YGi8IAG","false","Puerto Rico Lower Respiratory-PRLORESP","2014-08-16T14:38:28.000Z","005U0000000YGi8IAG","2014-08-16T14:38:28.000Z","005U0000000YGi8IAG","2014-08-16T14:38:28.000Z","true","false","","","true","475"
"a3OU0000000N4b9MAC","005U0000000YGi8IAG","false","Puerto Rico Cardio Metabolic-PRCVMET","2014-08-16T14:38:28.000Z","005U0000000YGi8IAG","2014-08-16T14:38:28.000Z","005U0000000YGi8IAG","2014-08-16T14:38:28.000Z","true","false","","","true","476"
"a3OU0000000N4bAMAS","005U0000000YGi8IAG","false","Puerto Rico Men Health-PRMH","2014-08-16T14:38:28.000Z","005U0000000YGi8IAG","2014-08-16T14:38:28.000Z","005U0000000YGi8IAG","2014-08-16T14:38:28.000Z","true","false","","","true","477"
"a3OU0000000N4bBMAS","005U0000000YGi8IAG","false","Puerto Rico Upper Respiratory-PRUPRESP","2014-08-16T14:38:28.000Z","005U0000000YGi8IAG","2014-08-16T14:38:28.000Z","005U0000000YGi8IAG","2014-08-16T14:38:28.000Z","true","false","","","true","478"
"a3OU0000000N4bCMAS","005U0000000YGi8IAG","false","Puerto Rico Oncology B-PRONCOB","2014-08-16T14:38:28.000Z","005U0000000YGi8IAG","2014-08-16T14:38:28.000Z","005U0000000YGi8IAG","2014-08-16T14:38:28.000Z","true","false","","","true","479"
"a3OU0000000N4bDMAS","005U0000000YGi8IAG","false","PR Inst Central Nervous system-PRINSCNS","2014-08-16T14:38:28.000Z","005U0000000YGi8IAG","2014-08-16T14:38:28.000Z","005U0000000YGi8IAG","2014-08-16T14:38:28.000Z","true","false","","","true","480"
"a3OU0000000N4bEMAS","005U0000000YGi8IAG","false","NCM Portfolio 2 Team B-NCEMSCR2","2014-08-16T14:38:28.000Z","005U0000000YGi8IAG","2014-08-16T14:38:28.000Z","005U0000000YGi8IAG","2014-08-16T14:38:28.000Z","true","false","","","true","486"
"a3OU0000000N4bFMAS","005U0000000YGi8IAG","false","National Business Group - HCV-NATLBSP5","2014-08-16T14:38:28.000Z","005U0000000YGi8IAG","2014-08-16T14:38:28.000Z","005U0000000YGi8IAG","2014-08-16T14:38:28.000Z","true","false","","","true","493"
"a3OU0000000N4bGMAS","005U0000000YGi8IAG","false","NCM Hospital Coronary - Inventiv-NCTHSPCI","2014-08-16T14:38:28.000Z","005U0000000YGi8IAG","2014-08-16T14:38:28.000Z","005U0000000YGi8IAG","2014-08-16T14:38:28.000Z","true","false","","","true","495"
"a3OU0000000N4bHMAS","005U0000000YGi8IAG","false","NCM Hosp Port2 - Inventiv-NCTHPP2I","2014-08-16T14:38:28.000Z","005U0000000YGi8IAG","2014-08-16T14:38:28.000Z","005U0000000YGi8IAG","2014-08-16T14:38:28.000Z","true","false","","","true","496"
"a3OU0000000N4bIMAS","005U0000000YGi8IAG","false","NCM Hosp Port1 - Inventiv-NCTHPPAI","2014-08-16T14:38:28.000Z","005U0000000YGi8IAG","2014-08-16T14:38:28.000Z","005U0000000YGi8IAG","2014-08-16T14:38:28.000Z","true","false","","","true","497"
"a3OU0000000N4bJMAS","005U0000000YGi8IAG","false","HSA Cholesterol Met-Cardiovascular-HSSCMCV","2014-08-16T14:38:28.000Z","005U0000000YGi8IAG","2014-08-16T14:38:28.000Z","005U0000000YGi8IAG","2014-08-16T14:38:28.000Z","true","false","","","true","499"
"a3OU0000000N4bKMAS","005U0000000YGi8IAG","false","NCM CV Disease Focus Inventiv-NCTDFCVI","2014-08-16T14:38:28.000Z","005U0000000YGi8IAG","2014-08-16T14:38:28.000Z","005U0000000YGi8IAG","2014-08-16T14:38:28.000Z","true","false","","","true","500"
"a3OU0000000N4bLMAS","005U0000000YGi8IAG","false","Neuro-SCI SALES FORCE-Inventiv-NCMPSYI","2014-08-16T14:38:28.000Z","005U0000000YGi8IAG","2014-08-16T14:38:28.000Z","005U0000000YGi8IAG","2014-08-16T14:38:28.000Z","true","false","","","true","501"
"a3OU0000000N4bMMAS","005U0000000YGi8IAG","false","NCM HCV - Inventive-NCTHCVI","2014-08-16T14:38:28.000Z","005U0000000YGi8IAG","2014-08-16T14:38:28.000Z","005U0000000YGi8IAG","2014-08-16T14:38:28.000Z","true","false","","","true","502"
"a3OU0000000N4bNMAS","005U0000000YGi8IAG","false","NCM District 3-NCMDIST3","2014-08-16T14:38:28.000Z","005U0000000YGi8IAG","2014-08-16T14:38:28.000Z","005U0000000YGi8IAG","2014-08-16T14:38:28.000Z","true","false","","","true","515"
"a3OU0000000N4bOMAS","005U0000000YGi8IAG","false","National Business Group - PONV-NBGSPA2","2014-08-16T14:38:28.000Z","005U0000000YGi8IAG","2014-08-16T14:38:28.000Z","005U0000000YGi8IAG","2014-08-16T14:38:28.000Z","true","false","","","true","522"
"a3OU0000000N4bPMAS","005U0000000YGi8IAG","false","National Business Group-Neuro-Psych-NBGSPA3","2014-08-16T14:38:28.000Z","005U0000000YGi8IAG","2014-08-16T14:38:28.000Z","005U0000000YGi8IAG","2014-08-16T14:38:28.000Z","true","false","","","true","523"
"a3OU0000000N4bQMAS","005U0000000YGi8IAG","false","National Business Group - ONC-NBGSPA5","2014-08-16T14:38:28.000Z","005U0000000YGi8IAG","2014-08-16T14:38:28.000Z","005U0000000YGi8IAG","2014-08-16T14:38:28.000Z","true","false","","","true","525"
"a3OU0000000N4bRMAS","005U0000000YGi8IAG","false","WOMEN'S HEALTH - OBGYN SF1 Inventiv-WHOBGY1I","2014-08-16T14:38:28.000Z","005U0000000YGi8IAG","2014-08-16T14:38:28.000Z","005U0000000YGi8IAG","2014-08-16T14:38:28.000Z","true","false","","","true","533"
"a3OU0000000N4bSMAS","005U0000000YGi8IAG","false","Puerto Rico AHM-PRAHM","2014-08-16T14:38:28.000Z","005U0000000YGi8IAG","2014-08-16T14:38:28.000Z","005U0000000YGi8IAG","2014-08-16T14:38:28.000Z","true","false","","","true","536"
"a3OU0000000N4bTMAS","005U0000000YGi8IAG","false","MVCC - Vaccine Account Specialists2-MVDVAS2","2014-08-16T14:38:28.000Z","005U0000000YGi8IAG","2014-08-16T14:38:28.000Z","005U0000000YGi8IAG","2014-08-16T14:38:28.000Z","true","false","","","true","537"
"a3OU0000000N4bUMAS","005U0000000YGi8IAG","false","National Business Group - OPHT-NBGOPHT1","2014-08-16T14:38:28.000Z","005U0000000YGi8IAG","2014-08-16T14:38:28.000Z","005U0000000YGi8IAG","2014-08-16T14:38:28.000Z","true","false","","","true","538"
"a3OU0000000N4bVMAS","005U0000000YGi8IAG","false","Puerto Rico OPHTHALMIC-PROPH","2014-08-16T14:38:28.000Z","005U0000000YGi8IAG","2014-08-16T14:38:28.000Z","005U0000000YGi8IAG","2014-08-16T14:38:28.000Z","true","false","","","true","542"
"a3OU0000000N4bWMAS","005U0000000YGi8IAG","false","Puerto Rico Respiratory 3-PRRESP3","2014-08-16T14:38:28.000Z","005U0000000YGi8IAG","2014-08-16T14:38:28.000Z","005U0000000YGi8IAG","2014-08-16T14:38:28.000Z","true","false","","","true","543"
"a3OU0000000N4bXMAS","005U0000000YGi8IAG","false","Puerto Rico Respiratory 2-PRRESP2","2014-08-16T14:38:28.000Z","005U0000000YGi8IAG","2014-08-16T14:38:28.000Z","005U0000000YGi8IAG","2014-08-16T14:38:28.000Z","true","false","","","true","544"
"a3OU0000000N4bYMAS","005U0000000YGi8IAG","false","Puerto Rico Respiratory 1-PRRESP1","2014-08-16T14:38:28.000Z","005U0000000YGi8IAG","2014-08-16T14:38:28.000Z","005U0000000YGi8IAG","2014-08-16T14:38:28.000Z","true","false","","","true","545"
"a3OU0000000N4bZMAS","005U0000000YGi8IAG","false","ONCOLOGY SPECIALIST - INVENTIV-SPCONC1I","2014-08-16T14:38:28.000Z","005U0000000YGi8IAG","2014-08-16T14:38:28.000Z","005U0000000YGi8IAG","2014-08-16T14:38:28.000Z","true","false","","","true","568"
"a3OU0000000N4baMAC","005U0000000YGi8IAG","false","NCM EPBU SALES FORCE -NCMEPBU","2014-08-16T14:38:28.000Z","005U0000000YGi8IAG","2014-08-16T14:38:28.000Z","005U0000000YGi8IAG","2014-08-16T14:38:28.000Z","true","false","","","true","569"
"a3OU0000000N4bbMAC","005U0000000YGi8IAG","false","MVD Pharmacy Sales Force-MVDPHRM","2014-08-16T14:38:28.000Z","005U0000000YGi8IAG","2014-08-16T14:38:28.000Z","005U0000000YGi8IAG","2014-08-16T14:38:28.000Z","true","false","","","true","570"
"a3OU0000000N4bcMAC","005U0000000YGi8IAG","false","MV ACCT REP - IHS-MVDVBL","2014-08-16T14:38:28.000Z","005U0000000YGi8IAG","2014-08-16T14:38:28.000Z","005U0000000YGi8IAG","2014-08-16T14:38:28.000Z","true","false","","","true","580"
"a3OU0000000N4bdMAC","005U0000000YGi8IAG","false","MV ACCT REP - GP-MVDJVBL","2014-08-16T14:38:28.000Z","005U0000000YGi8IAG","2014-08-16T14:38:28.000Z","005U0000000YGi8IAG","2014-08-16T14:38:28.000Z","true","false","","","true","581"
"a3OU0000000N4beMAC","005U0000000YGi8IAG","false","MV CE CUSTOMER REP - IHS/GP-MVDCSR","2014-08-16T14:38:28.000Z","005U0000000YGi8IAG","2014-08-16T14:38:28.000Z","005U0000000YGi8IAG","2014-08-16T14:38:28.000Z","true","false","","","true","582"
"a3OU0000000N4bfMAC","005U0000000YGi8IAG","false","MV CE CUSTOMER REP-MVDLCR","2014-08-16T14:38:28.000Z","005U0000000YGi8IAG","2014-08-16T14:38:28.000Z","005U0000000YGi8IAG","2014-08-16T14:38:28.000Z","true","false","","","true","583"
"a3OU0000000N4bgMAC","005U0000000YGi8IAG","false","Managed Care Specialty Market Sales-MCSPSNAE","2014-08-16T14:38:28.000Z","005U0000000YGi8IAG","2014-08-16T14:38:28.000Z","005U0000000YGi8IAG","2014-08-16T14:38:28.000Z","true","false","","","true","584"
"a3OU0000000N4bhMAC","005U0000000YGi8IAG","false","HSA Hepatitis C-HSSHEPC","2014-08-16T14:38:28.000Z","005U0000000YGi8IAG","2014-08-16T14:38:28.000Z","005U0000000YGi8IAG","2014-08-16T14:38:28.000Z","true","false","","","true","585"
"a3OU0000000N4biMAC","005U0000000YGi8IAG","false","NCM Hospital Anesthesiology-NCMHANES","2014-08-16T14:38:28.000Z","005U0000000YGi8IAG","2014-08-16T14:38:28.000Z","005U0000000YGi8IAG","2014-08-16T14:38:28.000Z","true","false","","","true","587"
"a3OU0000000N4bjMAC","005U0000000YGi8IAG","false","HSA Fertility-HSSFERT","2014-08-16T14:38:28.000Z","005U0000000YGi8IAG","2014-08-16T14:38:28.000Z","005U0000000YGi8IAG","2014-08-16T14:38:28.000Z","true","false","","","true","591"
"a3OU0000000N4bkMAC","005U0000000YGi8IAG","false","NCM Portfolio 2 Inventiv Team E-NCEPRT2I","2014-08-16T14:38:28.000Z","005U0000000YGi8IAG","2014-08-16T14:38:28.000Z","005U0000000YGi8IAG","2014-08-16T14:38:28.000Z","true","false","","","true","592"
"a3OU0000000N4blMAC","005U0000000YGi8IAG","false","NATIONAL BUSINESS GROUP - INVANZ-NBGINVNZ","2014-08-16T14:38:28.000Z","005U0000000YGi8IAG","2014-08-16T14:38:28.000Z","005U0000000YGi8IAG","2014-08-16T14:38:28.000Z","true","false","","","true","593"
"a3OU0000000N4bmMAC","005U0000000YGi8IAG","false","NATIONAL BUSINESS GROUP - ANES-NBGANES","2014-08-16T14:38:28.000Z","005U0000000YGi8IAG","2014-08-16T14:38:28.000Z","005U0000000YGi8IAG","2014-08-16T14:38:28.000Z","true","false","","","true","594"
"a3OU0000000N4bnMAC","005U0000000YGi8IAG","false","MVD CDC-MVDCDC","2014-08-16T14:38:28.000Z","005U0000000YGi8IAG","2014-08-16T14:38:28.000Z","005U0000000YGi8IAG","2014-08-16T14:38:28.000Z","true","false","","","true","595"
"a3OU0000000N4boMAC","005U0000000YGi8IAG","false","HSA Osteoporosis-HSSOSTEO","2014-08-16T14:38:28.000Z","005U0000000YGi8IAG","2014-08-16T14:38:28.000Z","005U0000000YGi8IAG","2014-08-16T14:38:28.000Z","true","false","","","true","597"
"a3OU0000000N4bpMAC","005U0000000YGi8IAG","false","Puerto Rico Anesthesia -PRANES","2014-08-16T14:38:28.000Z","005U0000000YGi8IAG","2014-08-16T14:38:28.000Z","005U0000000YGi8IAG","2014-08-16T14:38:28.000Z","true","false","","","true","598"
"a3OU0000000N4bqMAC","005U0000000YGi8IAG","false","Managed Care NATIONAL Accounts-MMPNAD","2014-08-16T14:38:28.000Z","005U0000000YGi8IAG","2014-08-16T14:38:28.000Z","005U0000000YGi8IAG","2014-08-16T14:38:28.000Z","true","false","","","true","599"
"a3OU0000000N4brMAC","005U0000000YGi8IAG","false","Managed Care Corporate Accounts-MMPCORPA","2014-08-16T14:38:28.000Z","005U0000000YGi8IAG","2014-08-16T14:38:28.000Z","005U0000000YGi8IAG","2014-08-16T14:38:28.000Z","true","false","","","true","600"
"a3OU0000000N4bsMAC","005U0000000YGi8IAG","false","Managed Care PBM-MMPPBM","2014-08-16T14:38:28.000Z","005U0000000YGi8IAG","2014-08-16T14:38:28.000Z","005U0000000YGi8IAG","2014-08-16T14:38:28.000Z","true","false","","","true","601"
"a3OU0000000N4btMAC","005U0000000YGi8IAG","false","Puerto Rico Hepatitis C Rep-PRHEPC","2014-08-16T14:38:28.000Z","005U0000000YGi8IAG","2014-08-16T14:38:28.000Z","005U0000000YGi8IAG","2014-08-16T14:38:28.000Z","true","false","","","true","603"
"a3OU0000000N4buMAC","005U0000000YGi8IAG","false","MVCC - Pharm  Vacc-MVDPVAR","2014-08-16T14:38:28.000Z","005U0000000YGi8IAG","2014-08-16T14:38:28.000Z","005U0000000YGi8IAG","2014-08-16T14:38:28.000Z","true","false","","","true","604"
"a3OU0000000N4bvMAC","005U0000000YGi8IAG","false","RESPIRATORY SPECIALIST InVentiv-SPCPULMI","2014-08-16T14:38:28.000Z","005U0000000YGi8IAG","2014-08-16T14:38:28.000Z","005U0000000YGi8IAG","2014-08-16T14:38:28.000Z","true","false","","","true","605"
"a3OU0000000N4bwMAC","005U0000000YGi8IAG","false","MVD Retail Pharmacy-MVDRTLP","2014-08-16T14:38:28.000Z","005U0000000YGi8IAG","2014-08-16T14:38:28.000Z","005U0000000YGi8IAG","2014-08-16T14:38:28.000Z","true","false","","","true","606"
"a3OU0000000N4bxMAC","005U0000000YGi8IAG","false","NCM Portfolio 2 InVentiv Team B-NCEMSR2I","2014-08-16T14:38:28.000Z","005U0000000YGi8IAG","2014-08-16T14:38:28.000Z","005U0000000YGi8IAG","2014-08-16T14:38:28.000Z","true","false","","","true","607"
"a3OU0000000N4byMAC","005U0000000YGi8IAG","false","NCM Portfolio 1 InVentiv Team D-NCMMSPCI","2014-08-16T14:38:28.000Z","005U0000000YGi8IAG","2014-08-16T14:38:28.000Z","005U0000000YGi8IAG","2014-08-16T14:38:28.000Z","true","false","","","true","608"
"a3OU0000000N4bzMAC","005U0000000YGi8IAG","false","ONCOLOGY KEY ACCOUNT MANAGER-OKAM","2014-08-16T14:38:28.000Z","005U0000000YGi8IAG","2014-08-16T14:38:28.000Z","005U0000000YGi8IAG","2014-08-16T14:38:28.000Z","true","false","","","true","609"
"a3OU0000000N4c0MAC","005U0000000YGi8IAG","false","Campaign Sales Team Holder-FLAGTEAM","2014-08-16T14:38:28.000Z","005U0000000YGi8IAG","2014-08-16T14:38:28.000Z","005U0000000YGi8IAG","2014-08-16T14:38:28.000Z","true","false","","","true","611"
"a3OU0000000N4c1MAC","005U0000000YGi8IAG","false","NCM Diseased Focus Diabetes - InVen-NCMDFDII","2014-08-16T14:38:28.000Z","005U0000000YGi8IAG","2014-08-16T14:38:28.000Z","005U0000000YGi8IAG","2014-08-16T14:38:28.000Z","true","false","","","true","612"
"a3OU0000000N4c2MAC","005U0000000YGi8IAG","false","NCM Diseased Focus Diabetes-NCMDFDIA","2014-08-16T14:38:28.000Z","005U0000000YGi8IAG","2014-08-16T14:38:28.000Z","005U0000000YGi8IAG","2014-08-16T14:38:28.000Z","true","false","","","true","613"
"a3OU0000000N4c3MAC","005U0000000YGi8IAG","false","Merck Vaccine Account Rep-MVDMVAE","2014-08-16T14:38:28.000Z","005U0000000YGi8IAG","2014-08-16T14:38:28.000Z","005U0000000YGi8IAG","2014-08-16T14:38:28.000Z","true","false","","","true","614"
"a3OU0000000N4c4MAC","005U0000000YGi8IAG","false","MVD Vaccine Customer Rep-MVDVCR","2014-08-16T14:38:28.000Z","005U0000000YGi8IAG","2014-08-27T15:52:52.000Z","005U0000000pD4vIAE","2014-08-27T15:52:52.000Z","true","false","","","true","615"
"a3OU0000000N4c5MAC","005U0000000YGi8IAG","false","MVD Metro Vaccine Customer Rep-MVDVCR2","2014-08-16T14:38:28.000Z","005U0000000YGi8IAG","2014-08-16T14:38:28.000Z","005U0000000YGi8IAG","2014-08-16T14:38:28.000Z","true","false","","","true","617"
"a3OU0000000N4c6MAC","005U0000000YGi8IAG","false","CV Disease Focus Specialty-CVDFSPEC","2014-08-16T14:38:28.000Z","005U0000000YGi8IAG","2014-08-16T14:38:28.000Z","005U0000000YGi8IAG","2014-08-16T14:38:28.000Z","true","false","","","true","618"
"a3OU0000000N4c7MAC","005U0000000YGi8IAG","false","MVD Federal Account Executive-MVDFED","2014-08-16T14:38:28.000Z","005U0000000YGi8IAG","2014-08-16T14:38:28.000Z","005U0000000YGi8IAG","2014-08-16T14:38:28.000Z","true","false","","","true","619"
"a3OU0000000N4c8MAC","005U0000000YGi8IAG","false","MVD Director National Accounts-MVDNAD","2014-08-16T14:38:28.000Z","005U0000000YGi8IAG","2014-08-16T14:38:28.000Z","005U0000000YGi8IAG","2014-08-16T14:38:28.000Z","true","false","","","true","620"
"a3OU0000000N4c9MAC","005U0000000YGi8IAG","false","ONCOLOGY REIMBURSEMENT ASSOCIATES-ONCOL-RA","2014-08-16T14:38:28.000Z","005U0000000YGi8IAG","2014-08-16T14:38:28.000Z","005U0000000YGi8IAG","2014-08-16T14:38:28.000Z","true","false","","","true","621"
"a3OU0000000N4cAMAS","005U0000000YGi8IAG","false","MVD Vaccine Customer Center 1-MVDVCC1","2014-08-16T14:38:28.000Z","005U0000000YGi8IAG","2014-08-16T14:38:28.000Z","005U0000000YGi8IAG","2014-08-16T14:38:28.000Z","true","false","","","true","622"
"a3OU0000000N4cBMAS","005U0000000YGi8IAG","false","MVD Vaccine Customer Center 2-MVDVCC2","2014-08-16T14:38:28.000Z","005U0000000YGi8IAG","2014-08-16T14:38:28.000Z","005U0000000YGi8IAG","2014-08-16T14:38:28.000Z","true","false","","","true","623"
"a3OU0000000N4cCMAS","005U0000000YGi8IAG","false","MVD MVCC LEVARs-MVDLVAR","2014-08-16T14:38:28.000Z","005U0000000YGi8IAG","2014-08-16T14:38:28.000Z","005U0000000YGi8IAG","2014-08-16T14:38:28.000Z","true","false","","","true","624"
"a3OU0000000N4cDMAS","005U0000000YGi8IAG","false","ONCOLOGY NURSE EDUCATORS-ONCOL-NE","2014-08-16T14:38:28.000Z","005U0000000YGi8IAG","2014-08-16T14:38:28.000Z","005U0000000YGi8IAG","2014-08-16T14:38:28.000Z","true","false","","","true","625"
"a3OU0000000N4cEMAS","005U0000000YGi8IAG","false","CV Disease Focus Specialty InVentiv-CVDFSPCI","2014-08-16T14:38:28.000Z","005U0000000YGi8IAG","2014-08-16T14:38:28.000Z","005U0000000YGi8IAG","2014-08-16T14:38:28.000Z","true","false","","","true","626"
"a3OU0000000N4Z8MAK","005U0000000YGi8IAG","false","Health Science Infectious Disease-HSSID","2014-08-16T14:38:25.000Z","005U0000000YGi8IAG","2014-08-16T14:38:25.000Z","005U0000000YGi8IAG","2014-08-16T14:38:25.000Z","true","false","","","true","100"
"a3OU0000000N4Z9MAK","005U0000000YGi8IAG","false","Government Affairs Mix-GOVMIX","2014-08-16T14:38:25.000Z","005U0000000YGi8IAG","2014-08-16T14:38:25.000Z","005U0000000YGi8IAG","2014-08-16T14:38:25.000Z","true","false","","","true","110"
"a3OU0000000N4ZAMA0","005U0000000YGi8IAG","false","Not Applicable-NOTAPPLC","2014-08-16T14:38:25.000Z","005U0000000YGi8IAG","2014-08-16T14:38:25.000Z","005U0000000YGi8IAG","2014-08-16T14:38:25.000Z","true","false","","","true","113"
"a3OU0000000N4ZBMA0","005U0000000YGi8IAG","false","HIV SPECIALIST-HIVSPEC","2014-08-16T14:38:25.000Z","005U0000000YGi8IAG","2014-08-16T14:38:25.000Z","005U0000000YGi8IAG","2014-08-16T14:38:25.000Z","true","false","","","true","123"
"a3OU0000000N4ZCMA0","005U0000000YGi8IAG","false","HSA Pulminary-HSSPUL","2014-08-16T14:38:25.000Z","005U0000000YGi8IAG","2014-08-16T14:38:25.000Z","005U0000000YGi8IAG","2014-08-16T14:38:25.000Z","true","false","","","true","127"
"a3OU0000000N4ZDMA0","005U0000000YGi8IAG","false","Managed Care NAEs-HMO/PBM Empl Phys-MCNAE","2014-08-16T14:38:25.000Z","005U0000000YGi8IAG","2014-08-16T14:38:25.000Z","005U0000000YGi8IAG","2014-08-16T14:38:25.000Z","true","false","","","true","135"
"a3OU0000000N4ZEMA0","005U0000000YGi8IAG","false","Health Science Neurology-HSSNEURO","2014-08-16T14:38:25.000Z","005U0000000YGi8IAG","2014-08-16T14:38:25.000Z","005U0000000YGi8IAG","2014-08-16T14:38:25.000Z","true","false","","","true","150"
"a3OU0000000N4ZFMA0","005U0000000YGi8IAG","false","RESPIRATORY SPECIALIST-SPCPULM","2014-08-16T14:38:25.000Z","005U0000000YGi8IAG","2014-08-16T14:38:25.000Z","005U0000000YGi8IAG","2014-08-16T14:38:25.000Z","true","false","","","true","164"
"a3OU0000000N4ZGMA0","005U0000000YGi8IAG","false","GPO/IHS/Hospital NAEs-GPONAE","2014-08-16T14:38:25.000Z","005U0000000YGi8IAG","2014-08-16T14:38:25.000Z","005U0000000YGi8IAG","2014-08-16T14:38:25.000Z","true","false","","","true","174"
"a3OU0000000N4ZHMA0","005U0000000YGi8IAG","false","Federal NAEs-FEDNAE","2014-08-16T14:38:25.000Z","005U0000000YGi8IAG","2014-08-16T14:38:25.000Z","005U0000000YGi8IAG","2014-08-16T14:38:25.000Z","true","false","","","true","175"
"a3OU0000000N4ZIMA0","005U0000000YGi8IAG","false","MVD - National Account Executive-MVDNAE","2014-08-16T14:38:25.000Z","005U0000000YGi8IAG","2014-08-16T14:38:25.000Z","005U0000000YGi8IAG","2014-08-16T14:38:25.000Z","true","false","","","true","185"
"a3OU0000000N4ZJMA0","005U0000000YGi8IAG","false","MVD - Regional Account Manager-MVDRAM","2014-08-16T14:38:25.000Z","005U0000000YGi8IAG","2014-08-16T14:38:25.000Z","005U0000000YGi8IAG","2014-08-16T14:38:25.000Z","true","false","","","true","186"
"a3OU0000000N4ZKMA0","005U0000000YGi8IAG","false","MVD - Health Science Associate-MVDHSA","2014-08-16T14:38:25.000Z","005U0000000YGi8IAG","2014-08-16T14:38:25.000Z","005U0000000YGi8IAG","2014-08-16T14:38:25.000Z","true","false","","","true","193"
"a3OU0000000N4ZLMA0","005U0000000YGi8IAG","false","MVD - Adult Immunization Manager-MVDAIM","2014-08-16T14:38:25.000Z","005U0000000YGi8IAG","2014-08-16T14:38:25.000Z","005U0000000YGi8IAG","2014-08-16T14:38:25.000Z","true","false","","","true","210"
"a3OU0000000N4ZMMA0","005U0000000YGi8IAG","false","MVD - Public Sector Manager-MVDPSM","2014-08-16T14:38:25.000Z","005U0000000YGi8IAG","2014-08-16T14:38:25.000Z","005U0000000YGi8IAG","2014-08-16T14:38:25.000Z","true","false","","","true","211"
"a3OU0000000N4ZNMA0","005U0000000YGi8IAG","false","Puerto Rico Cardiovascular 1-PR CV1","2014-08-16T14:38:25.000Z","005U0000000YGi8IAG","2014-08-16T14:38:25.000Z","005U0000000YGi8IAG","2014-08-16T14:38:25.000Z","true","false","","","true","214"
"a3OU0000000N4ZOMA0","005U0000000YGi8IAG","false","Puerto Rico Cardiovascular 2-PR CV2","2014-08-16T14:38:25.000Z","005U0000000YGi8IAG","2014-08-16T14:38:25.000Z","005U0000000YGi8IAG","2014-08-16T14:38:25.000Z","true","false","","","true","215"
"a3OU0000000N4ZPMA0","005U0000000YGi8IAG","false","Puerto Rico Musculoskeletal 1-PR MS1","2014-08-16T14:38:25.000Z","005U0000000YGi8IAG","2014-08-16T14:38:25.000Z","005U0000000YGi8IAG","2014-08-16T14:38:25.000Z","true","false","","","true","216"
"a3OU0000000N4ZQMA0","005U0000000YGi8IAG","false","Puerto Rico Musculoskeletal 2-PR MS2","2014-08-16T14:38:25.000Z","005U0000000YGi8IAG","2014-08-16T14:38:25.000Z","005U0000000YGi8IAG","2014-08-16T14:38:25.000Z","true","false","","","true","217"
"a3OU0000000N4ZRMA0","005U0000000YGi8IAG","false","Puerto Rico Respiratory-PRRESP","2014-08-16T14:38:25.000Z","005U0000000YGi8IAG","2014-08-16T14:38:25.000Z","005U0000000YGi8IAG","2014-08-16T14:38:25.000Z","true","false","","","true","218"
"a3OU0000000N4ZSMA0","005U0000000YGi8IAG","false","Puerto Rico Respiratory Specialty-PRSPCRES","2014-08-16T14:38:25.000Z","005U0000000YGi8IAG","2014-08-16T14:38:25.000Z","005U0000000YGi8IAG","2014-08-16T14:38:25.000Z","true","false","","","true","219"
"a3OU0000000N4ZTMA0","005U0000000YGi8IAG","false","Puerto Rico CardiovascularSpecialty-PRSPCCV","2014-08-16T14:38:25.000Z","005U0000000YGi8IAG","2014-08-16T14:38:25.000Z","005U0000000YGi8IAG","2014-08-16T14:38:25.000Z","true","false","","","true","220"
"a3OU0000000N4ZUMA0","005U0000000YGi8IAG","false","Puerto Rico MS Specialty-PRSPCMS","2014-08-16T14:38:25.000Z","005U0000000YGi8IAG","2014-08-16T14:38:25.000Z","005U0000000YGi8IAG","2014-08-16T14:38:25.000Z","true","false","","","true","222"
"a3OU0000000N4ZVMA0","005U0000000YGi8IAG","false","Puerto Rico Neuro / Duo-PRN/DUO","2014-08-16T14:38:25.000Z","005U0000000YGi8IAG","2014-08-16T14:38:25.000Z","005U0000000YGi8IAG","2014-08-16T14:38:25.000Z","true","false","","","true","225"
"a3OU0000000N4ZWMA0","005U0000000YGi8IAG","false","Puerto Rico Hospital Sales Force-PRHOSP","2014-08-16T14:38:25.000Z","005U0000000YGi8IAG","2014-08-16T14:38:25.000Z","005U0000000YGi8IAG","2014-08-16T14:38:25.000Z","true","false","","","true","227"
"a3OU0000000N4ZXMA0","005U0000000YGi8IAG","false","Puerto Rico Medical Center-PR CM","2014-08-16T14:38:25.000Z","005U0000000YGi8IAG","2014-08-16T14:38:25.000Z","005U0000000YGi8IAG","2014-08-16T14:38:25.000Z","true","false","","","true","228"
"a3OU0000000N4ZYMA0","005U0000000YGi8IAG","false","Puerto Rico Vaccines-PRVACC","2014-08-16T14:38:25.000Z","005U0000000YGi8IAG","2014-08-16T14:38:25.000Z","005U0000000YGi8IAG","2014-08-16T14:38:25.000Z","true","false","","","true","229"
"a3OU0000000N4ZZMA0","005U0000000YGi8IAG","false","Puerto Rico HSA Respiratory-PRHSARES","2014-08-16T14:38:25.000Z","005U0000000YGi8IAG","2014-08-16T14:38:25.000Z","005U0000000YGi8IAG","2014-08-16T14:38:25.000Z","true","false","","","true","232"
"a3OU0000000N4ZaMAK","005U0000000YGi8IAG","false","Puerto Rico HSA Cardiovascular-PRHSACV","2014-08-16T14:38:25.000Z","005U0000000YGi8IAG","2014-08-16T14:38:25.000Z","005U0000000YGi8IAG","2014-08-16T14:38:25.000Z","true","false","","","true","233"
"a3OU0000000N4ZbMAK","005U0000000YGi8IAG","false","Puerto Rico HSA Musculoskeletal-PRHSAMS","2014-08-16T14:38:25.000Z","005U0000000YGi8IAG","2014-08-16T14:38:25.000Z","005U0000000YGi8IAG","2014-08-16T14:38:25.000Z","true","false","","","true","234"
"a3OU0000000N4ZcMAK","005U0000000YGi8IAG","false","Puerto Rico HSA Infectious Disease-PRHSAID","2014-08-16T14:38:25.000Z","005U0000000YGi8IAG","2014-08-16T14:38:25.000Z","005U0000000YGi8IAG","2014-08-16T14:38:25.000Z","true","false","","","true","235"
"a3OU0000000N4ZdMAK","005U0000000YGi8IAG","false","Health Science Oncology-HSSONCOL","2014-08-16T14:38:25.000Z","005U0000000YGi8IAG","2014-08-16T14:38:25.000Z","005U0000000YGi8IAG","2014-08-16T14:38:25.000Z","true","false","","","true","236"
"a3OU0000000N4ZeMAK","005U0000000YGi8IAG","false","MVD - Vaccine Account Specialists-MVDVAS","2014-08-16T14:38:25.000Z","005U0000000YGi8IAG","2014-08-16T14:38:25.000Z","005U0000000YGi8IAG","2014-08-16T14:38:25.000Z","true","false","","","true","237"
"a3OU0000000N4ZfMAK","005U0000000YGi8IAG","false","Health Science HIV-HSSHIV","2014-08-16T14:38:25.000Z","005U0000000YGi8IAG","2014-08-16T14:38:25.000Z","005U0000000YGi8IAG","2014-08-16T14:38:25.000Z","true","false","","","true","249"
"a3OU0000000N4ZgMAK","005U0000000YGi8IAG","false","ONCOLOGY SPECIALIST-SPCONCOL","2014-08-16T14:38:25.000Z","005U0000000YGi8IAG","2014-08-16T14:38:25.000Z","005U0000000YGi8IAG","2014-08-16T14:38:25.000Z","true","false","","","true","250"
"a3OU0000000N4ZhMAK","005U0000000YGi8IAG","false","PR CZ Generic-PRCZGEN","2014-08-16T14:38:25.000Z","005U0000000YGi8IAG","2014-08-16T14:38:25.000Z","005U0000000YGi8IAG","2014-08-16T14:38:25.000Z","true","false","","","true","255"
"a3OU0000000N4ZiMAK","005U0000000YGi8IAG","false","Puerto Rico Pediatrician/OBGYN-PRPEDOB","2014-08-16T14:38:25.000Z","005U0000000YGi8IAG","2014-08-16T14:38:25.000Z","005U0000000YGi8IAG","2014-08-16T14:38:25.000Z","true","false","","","true","258"
"a3OU0000000N4ZjMAK","005U0000000YGi8IAG","false","Puerto Rico Cardiovascular 3-PR CV3","2014-08-16T14:38:25.000Z","005U0000000YGi8IAG","2014-08-16T14:38:25.000Z","005U0000000YGi8IAG","2014-08-16T14:38:25.000Z","true","false","","","true","260"
"a3OU0000000N4ZkMAK","005U0000000YGi8IAG","false","KAISER CARDIOVASCULAR REP-KSRCV","2014-08-16T14:38:25.000Z","005U0000000YGi8IAG","2014-08-16T14:38:25.000Z","005U0000000YGi8IAG","2014-08-16T14:38:25.000Z","true","false","","","true","261"
"a3OU0000000N4ZlMAK","005U0000000YGi8IAG","false","KAISER SPECIALTY REP-KSRSPC","2014-08-16T14:38:25.000Z","005U0000000YGi8IAG","2014-08-16T14:38:25.000Z","005U0000000YGi8IAG","2014-08-16T14:38:25.000Z","true","false","","","true","262"
"a3OU0000000N4ZmMAK","005U0000000YGi8IAG","false","KAISER REP-KSRALL","2014-08-16T14:38:25.000Z","005U0000000YGi8IAG","2014-08-16T14:38:25.000Z","005U0000000YGi8IAG","2014-08-16T14:38:25.000Z","true","false","","","true","263"
"a3OU0000000N4ZnMAK","005U0000000YGi8IAG","false","Puerto Rico Zetia Specialist-PRSPCZET","2014-08-16T14:38:25.000Z","005U0000000YGi8IAG","2014-08-16T14:38:25.000Z","005U0000000YGi8IAG","2014-08-16T14:38:25.000Z","true","false","","","true","265"
"a3OU0000000N4ZoMAK","005U0000000YGi8IAG","false","Puerto Rico Government-PRGOV","2014-08-16T14:38:25.000Z","005U0000000YGi8IAG","2014-08-16T14:38:25.000Z","005U0000000YGi8IAG","2014-08-16T14:38:25.000Z","true","false","","","true","266"
"a3OU0000000N4ZpMAK","005U0000000YGi8IAG","false","Puerto Rico Oncology Specialist-PRSPCEMD","2014-08-16T14:38:25.000Z","005U0000000YGi8IAG","2014-08-16T14:38:25.000Z","005U0000000YGi8IAG","2014-08-16T14:38:25.000Z","true","false","","","true","267"
"a3OU0000000N4ZqMAK","005U0000000YGi8IAG","false","PR CZ Cardiovascular 1-PRCZCRD1","2014-08-16T14:38:25.000Z","005U0000000YGi8IAG","2014-08-16T14:38:25.000Z","005U0000000YGi8IAG","2014-08-16T14:38:25.000Z","true","false","","","true","285"
"a3OU0000000N4ZrMAK","005U0000000YGi8IAG","false","PR CZ Cardiovascular 2-PRCZCRD2","2014-08-16T14:38:25.000Z","005U0000000YGi8IAG","2014-08-16T14:38:25.000Z","005U0000000YGi8IAG","2014-08-16T14:38:25.000Z","true","false","","","true","286"
"a3OU0000000N4ZsMAK","005U0000000YGi8IAG","false","PR CZ Cardiovascular 3-PRCZCRD3","2014-08-16T14:38:25.000Z","005U0000000YGi8IAG","2014-08-16T14:38:25.000Z","005U0000000YGi8IAG","2014-08-16T14:38:25.000Z","true","false","","","true","287"
"a3OU0000000N4ZtMAK","005U0000000YGi8IAG","false","PR CZ Cardiovascular 4-PRCZCRD4","2014-08-16T14:38:25.000Z","005U0000000YGi8IAG","2014-08-16T14:38:25.000Z","005U0000000YGi8IAG","2014-08-16T14:38:25.000Z","true","false","","","true","288"
"a3OU0000000N4ZuMAK","005U0000000YGi8IAG","false","PR CZ Cardiovascular 5-PRCZCRD5","2014-08-16T14:38:25.000Z","005U0000000YGi8IAG","2014-08-16T14:38:25.000Z","005U0000000YGi8IAG","2014-08-16T14:38:25.000Z","true","false","","","true","289"
